CVE-2018-20506,6.8,"SQLite before 3.25.3, when the FTS3 extension is enabled, encounters an integer overflow (and resultant buffer overflow) for FTS3 queries in a &quot;merge&quot; operation that occurs after crafted changes to FTS3 shadow tables, allowing remote attackers to execute arbitrary code by leveraging the ability to run arbitrary SQL statements (such as in certain WebSQL use cases). This is a different vulnerability than CVE-2018-20346."
CVE-2018-4249,9.3,An issue was discovered in certain Apple products. iOS before 11.4 is affected. macOS before 10.13.5 is affected. tvOS before 11.4 is affected. watchOS before 4.3.1 is affected. The issue involves pktmnglr_ipfilter_input in com.apple.packet-mangler in the &quot;Kernel&quot; component. It allows attackers to execute arbitrary code in a privileged context or cause a denial of service (integer overflow and stack-based buffer overflow) via a crafted app.
CVE-2018-4246,6.8,An issue was discovered in certain Apple products. iOS before 11.4 is affected. Safari before 11.1.1 is affected. iCloud before 7.5 on Windows is affected. iTunes before 12.7.5 on Windows is affected. tvOS before 11.4 is affected. watchOS before 4.3.1 is affected. The issue involves the &quot;WebKit&quot; component. It allows remote attackers to execute arbitrary code via a crafted web site that leverages type confusion.
CVE-2018-4243,9.3,An issue was discovered in certain Apple products. iOS before 11.4 is affected. macOS before 10.13.5 is affected. tvOS before 11.4 is affected. watchOS before 4.3.1 is affected. The issue involves the &quot;Kernel&quot; component. A buffer overflow in getvolattrlist allows attackers to execute arbitrary code in a privileged context via a crafted app.
CVE-2018-4241,9.3,An issue was discovered in certain Apple products. iOS before 11.4 is affected. macOS before 10.13.5 is affected. tvOS before 11.4 is affected. watchOS before 4.3.1 is affected. The issue involves the &quot;Kernel&quot; component. A buffer overflow in mptcp_usr_connectx allows attackers to execute arbitrary code in a privileged context via a crafted app.
CVE-2018-4233,6.8,An issue was discovered in certain Apple products. iOS before 11.4 is affected. Safari before 11.1.1 is affected. iCloud before 7.5 on Windows is affected. iTunes before 12.7.5 on Windows is affected. tvOS before 11.4 is affected. watchOS before 4.3.1 is affected. The issue involves the &quot;WebKit&quot; component. It allows remote attackers to execute arbitrary code or cause a denial of service (memory corruption and application crash) via a crafted web site.
CVE-2018-4222,6.8,An issue was discovered in certain Apple products. iOS before 11.4 is affected. Safari before 11.1.1 is affected. iCloud before 7.5 on Windows is affected. iTunes before 12.7.5 on Windows is affected. tvOS before 11.4 is affected. watchOS before 4.3.1 is affected. The issue involves the &quot;WebKit&quot; component. It allows remote attackers to execute arbitrary code via a crafted web site that leverages a getWasmBufferFromValue out-of-bounds read during WebAssembly compilation.
CVE-2018-4218,6.8,An issue was discovered in certain Apple products. iOS before 11.4 is affected. Safari before 11.1.1 is affected. iCloud before 7.5 on Windows is affected. iTunes before 12.7.5 on Windows is affected. tvOS before 11.4 is affected. watchOS before 4.3.1 is affected. The issue involves the &quot;WebKit&quot; component. It allows remote attackers to execute arbitrary code or cause a denial of service (memory corruption and application crash) via a crafted web site that triggers an @generatorState use-after-free.
CVE-2018-4211,6.8,An issue was discovered in certain Apple products. iOS before 11.4 is affected. macOS before 10.13.5 is affected. tvOS before 11.4 is affected. watchOS before 4.3.1 is affected. The issue involves the &quot;FontParser&quot; component. It allows remote attackers to execute arbitrary code or cause a denial of service (memory corruption and application crash) via a crafted font file.
CVE-2018-4206,6.8,An issue was discovered in certain Apple products. iOS before 11.3.1 is affected. macOS before 10.13.4 Security Update 2018-001 is affected. tvOS before 11.4 is affected. watchOS before 4.3.1 is affected. The issue involves the &quot;Crash Reporter&quot; component. It allows attackers to execute arbitrary code or cause a denial of service (memory corruption) via a crafted app that replaces a privileged port name.
CVE-2018-4201,6.8,An issue was discovered in certain Apple products. iOS before 11.4 is affected. Safari before 11.1.1 is affected. iCloud before 7.5 on Windows is affected. iTunes before 12.7.5 on Windows is affected. tvOS before 11.4 is affected. watchOS before 4.3.1 is affected. The issue involves the &quot;WebKit&quot; component. It allows remote attackers to execute arbitrary code or cause a denial of service (memory corruption and application crash) via a crafted web site.
CVE-2018-4192,5.1,An issue was discovered in certain Apple products. iOS before 11.4 is affected. Safari before 11.1.1 is affected. iCloud before 7.5 on Windows is affected. iTunes before 12.7.5 on Windows is affected. tvOS before 11.4 is affected. watchOS before 4.3.1 is affected. The issue involves the &quot;WebKit&quot; component. It allows remote attackers to execute arbitrary code via a crafted web site that leverages a race condition.
CVE-2018-4167,7.6,An issue was discovered in certain Apple products. iOS before 11.3 is affected. macOS before 10.13.4 is affected. tvOS before 11.3 is affected. watchOS before 4.3 is affected. The issue involves the &quot;File System Events&quot; component. A race condition allows attackers to execute arbitrary code in a privileged context via a crafted app.
CVE-2018-4166,7.6,An issue was discovered in certain Apple products. iOS before 11.3 is affected. macOS before 10.13.4 is affected. tvOS before 11.3 is affected. watchOS before 4.3 is affected. The issue involves the &quot;NSURLSession&quot; component. A race condition allows attackers to execute arbitrary code in a privileged context via a crafted app.
CVE-2018-4163,6.8,An issue was discovered in certain Apple products. iOS before 11.3 is affected. Safari before 11.1 is affected. iCloud before 7.4 on Windows is affected. iTunes before 12.7.4 on Windows is affected. tvOS before 11.3 is affected. watchOS before 4.3 is affected. The issue involves the &quot;WebKit&quot; component. It allows remote attackers to execute arbitrary code or cause a denial of service (memory corruption and application crash) via a crafted web site.
CVE-2018-4162,6.8,An issue was discovered in certain Apple products. iOS before 11.3 is affected. Safari before 11.1 is affected. iCloud before 7.4 on Windows is affected. iTunes before 12.7.4 on Windows is affected. tvOS before 11.3 is affected. watchOS before 4.3 is affected. The issue involves the &quot;WebKit&quot; component. It allows remote attackers to execute arbitrary code or cause a denial of service (memory corruption and application crash) via a crafted web site.
CVE-2018-4161,6.8,An issue was discovered in certain Apple products. iOS before 11.3 is affected. Safari before 11.1 is affected. iCloud before 7.4 on Windows is affected. iTunes before 12.7.4 on Windows is affected. tvOS before 11.3 is affected. watchOS before 4.3 is affected. The issue involves the &quot;WebKit&quot; component. It allows remote attackers to execute arbitrary code or cause a denial of service (memory corruption and application crash) via a crafted web site.
CVE-2018-4158,7.6,An issue was discovered in certain Apple products. iOS before 11.3 is affected. macOS before 10.13.4 is affected. watchOS before 4.3 is affected. The issue involves the &quot;CoreFoundation&quot; component. A race condition allows attackers to execute arbitrary code in a privileged context via a crafted app.
CVE-2018-4157,7.6,An issue was discovered in certain Apple products. iOS before 11.3 is affected. macOS before 10.13.4 is affected. tvOS before 11.3 is affected. watchOS before 4.3 is affected. The issue involves the &quot;Quick Look&quot; component. A race condition allows attackers to execute arbitrary code in a privileged context via a crafted app.
CVE-2018-4155,7.6,An issue was discovered in certain Apple products. iOS before 11.3 is affected. macOS before 10.13.4 is affected. tvOS before 11.3 is affected. watchOS before 4.3 is affected. The issue involves the &quot;CoreFoundation&quot; component. A race condition allows attackers to execute arbitrary code in a privileged context via a crafted app.
CVE-2018-4150,9.3,An issue was discovered in certain Apple products. iOS before 11.3 is affected. macOS before 10.13.4 is affected. tvOS before 11.3 is affected. watchOS before 4.3 is affected. The issue involves the &quot;Kernel&quot; component. It allows attackers to execute arbitrary code in a privileged context or cause a denial of service (memory corruption) via a crafted app.
CVE-2018-4144,9.3,An issue was discovered in certain Apple products. iOS before 11.3 is affected. macOS before 10.13.4 is affected. iCloud before 7.4 on Windows is affected. iTunes before 12.7.4 on Windows is affected. tvOS before 11.3 is affected. watchOS before 4.3 is affected. The issue involves the &quot;Security&quot; component. A buffer overflow allows attackers to execute arbitrary code in a privileged context via a crafted app.
CVE-2018-4143,9.3,An issue was discovered in certain Apple products. iOS before 11.3 is affected. macOS before 10.13.4 is affected. tvOS before 11.3 is affected. watchOS before 4.3 is affected. The issue involves the &quot;Kernel&quot; component. It allows attackers to execute arbitrary code in a privileged context or cause a denial of service (memory corruption) via a crafted app.
CVE-2018-4129,6.8,An issue was discovered in certain Apple products. iOS before 11.3 is affected. Safari before 11.1 is affected. iCloud before 7.4 on Windows is affected. iTunes before 12.7.4 on Windows is affected. tvOS before 11.3 is affected. watchOS before 4.3 is affected. The issue involves the &quot;WebKit&quot; component. It allows remote attackers to execute arbitrary code or cause a denial of service (memory corruption and application crash) via a crafted web site.
CVE-2018-4125,6.8,An issue was discovered in certain Apple products. iOS before 11.3 is affected. Safari before 11.1 is affected. iCloud before 7.4 on Windows is affected. iTunes before 12.7.4 on Windows is affected. tvOS before 11.3 is affected. watchOS before 4.3 is affected. The issue involves the &quot;WebKit&quot; component. It allows remote attackers to execute arbitrary code or cause a denial of service (memory corruption and application crash) via a crafted web site.
CVE-2018-4122,6.8,An issue was discovered in certain Apple products. iOS before 11.3 is affected. Safari before 11.1 is affected. iCloud before 7.4 on Windows is affected. iTunes before 12.7.4 on Windows is affected. tvOS before 11.3 is affected. watchOS before 4.3 is affected. The issue involves the &quot;WebKit&quot; component. It allows remote attackers to execute arbitrary code or cause a denial of service (memory corruption and application crash) via a crafted web site.
CVE-2018-4121,6.8,An issue was discovered in certain Apple products. iOS before 11.3 is affected. Safari before 11.1 is affected. iCloud before 7.4 on Windows is affected. iTunes before 12.7.4 on Windows is affected. tvOS before 11.3 is affected. watchOS before 4.3 is affected. The issue involves the &quot;WebKit&quot; component. It allows remote attackers to execute arbitrary code or cause a denial of service (memory corruption and application crash) via a crafted web site.
CVE-2018-4114,6.8,An issue was discovered in certain Apple products. iOS before 11.3 is affected. Safari before 11.1 is affected. iCloud before 7.4 on Windows is affected. iTunes before 12.7.4 on Windows is affected. tvOS before 11.3 is affected. watchOS before 4.3 is affected. The issue involves the &quot;WebKit&quot; component. It allows remote attackers to execute arbitrary code or cause a denial of service (memory corruption and application crash) via a crafted web site.
CVE-2018-4109,9.3,An issue was discovered in certain Apple products. iOS before 11.2.5 is affected. tvOS before 11.2.5 is affected. watchOS before 4.2.2 is affected. The issue involves the &quot;Graphics Driver&quot; component. It allows attackers to execute arbitrary code in a privileged context or cause a denial of service (memory corruption) via a crafted app.
CVE-2018-4096,6.8,An issue was discovered in certain Apple products. iOS before 11.2.5 is affected. macOS before 10.13.3 is affected. Safari before 11.0.3 is affected. iCloud before 7.3 on Windows is affected. iTunes before 12.7.3 on Windows is affected. tvOS before 11.2.5 is affected. watchOS before 4.2.2 is affected. The issue involves the &quot;WebKit&quot; component. It allows remote attackers to execute arbitrary code or cause a denial of service (memory corruption and application crash) via a crafted web site.
CVE-2018-4095,9.3,An issue was discovered in certain Apple products. iOS before 11.2.5 is affected. tvOS before 11.2.5 is affected. watchOS before 4.2.2 is affected. The issue involves the &quot;Core Bluetooth&quot; component. It allows attackers to execute arbitrary code in a privileged context or cause a denial of service (memory corruption) via a crafted app.
CVE-2018-4094,6.8,An issue was discovered in certain Apple products. iOS before 11.2.5 is affected. macOS before 10.13.3 is affected. tvOS before 11.2.5 is affected. watchOS before 4.2.2 is affected. The issue involves the &quot;Audio&quot; component. It allows remote attackers to execute arbitrary code or cause a denial of service (memory corruption and application crash) via a crafted audio file.
CVE-2018-4088,6.8,An issue was discovered in certain Apple products. iOS before 11.2.5 is affected. macOS before 10.13.3 is affected. Safari before 11.0.3 is affected. iCloud before 7.3 on Windows is affected. iTunes before 12.7.3 on Windows is affected. tvOS before 11.2.5 is affected. watchOS before 4.2.2 is affected. The issue involves the &quot;WebKit&quot; component. It allows remote attackers to execute arbitrary code or cause a denial of service (memory corruption and application crash) via a crafted web site.
CVE-2018-4087,9.3,An issue was discovered in certain Apple products. iOS before 11.2.5 is affected. tvOS before 11.2.5 is affected. watchOS before 4.2.2 is affected. The issue involves the &quot;Core Bluetooth&quot; component. It allows attackers to execute arbitrary code in a privileged context or cause a denial of service (memory corruption) via a crafted app.
CVE-2018-4085,6.8,An issue was discovered in certain Apple products. iOS before 11.2.5 is affected. macOS before 10.13.3 is affected. tvOS before 11.2.5 is affected. watchOS before 4.2.2 is affected. The issue involves the &quot;QuartzCore&quot; component. It allows remote attackers to execute arbitrary code or cause a denial of service (memory corruption and application crash) via a crafted web site.
CVE-2018-4082,9.3,An issue was discovered in certain Apple products. iOS before 11.2.5 is affected. macOS before 10.13.3 is affected. tvOS before 11.2.5 is affected. watchOS before 4.2.2 is affected. The issue involves the &quot;Kernel&quot; component. It allows attackers to execute arbitrary code in a privileged context or cause a denial of service (memory corruption) via a crafted app.
CVE-2017-13904,9.3,An issue was discovered in certain Apple products. iOS before 11.2 is affected. macOS before 10.13.2 is affected. tvOS before 11.2 is affected. watchOS before 4.2 is affected. The issue involves the &quot;Kernel&quot; component. It allows attackers to execute arbitrary code in a privileged context or cause a denial of service (memory corruption) via a crafted app.
CVE-2017-13884,6.8,An issue was discovered in certain Apple products. iOS before 11.2 is affected. Safari before 11.0.2 is affected. iCloud before 7.2 on Windows is affected. iTunes before 12.7.2 on Windows is affected. tvOS before 11.2 is affected. watchOS before 4.2 is affected. The issue involves the &quot;WebKit&quot; component. It allows remote attackers to execute arbitrary code or cause a denial of service (memory corruption and application crash) via a crafted web site.
CVE-2017-13876,9.3,An issue was discovered in certain Apple products. iOS before 11.2 is affected. macOS before 10.13.2 is affected. tvOS before 11.2 is affected. watchOS before 4.2 is affected. The issue involves the &quot;Kernel&quot; component. It allows attackers to execute arbitrary code in a privileged context or cause a denial of service (memory corruption) via a crafted app.
CVE-2017-13867,9.3,An issue was discovered in certain Apple products. iOS before 11.2 is affected. macOS before 10.13.2 is affected. tvOS before 11.2 is affected. watchOS before 4.2 is affected. The issue involves the &quot;Kernel&quot; component. It allows attackers to execute arbitrary code in a privileged context or cause a denial of service (memory corruption) via a crafted app.
CVE-2017-13862,9.3,An issue was discovered in certain Apple products. iOS before 11.2 is affected. macOS before 10.13.2 is affected. tvOS before 11.2 is affected. watchOS before 4.2 is affected. The issue involves the &quot;Kernel&quot; component. It allows attackers to execute arbitrary code in a privileged context or cause a denial of service (memory corruption) via a crafted app.
CVE-2017-13861,9.3,An issue was discovered in certain Apple products. iOS before 11.2 is affected. tvOS before 11.2 is affected. watchOS before 4.2 is affected. The issue involves the &quot;IOSurface&quot; component. It allows attackers to execute arbitrary code in a privileged context or cause a denial of service (memory corruption) via a crafted app.
CVE-2017-13854,9.3,An issue was discovered in certain Apple products. iOS before 11 is affected. macOS before 10.13 is affected. tvOS before 11 is affected. watchOS before 4 is affected. The issue involves the &quot;Kernel&quot; component. It allows attackers to execute arbitrary code in a privileged context or cause a denial of service (memory corruption) via a crafted app.
CVE-2017-13799,9.3,An issue was discovered in certain Apple products. iOS before 11.1 is affected. macOS before 10.13.1 is affected. tvOS before 11.1 is affected. watchOS before 4.1 is affected. The issue involves the &quot;Kernel&quot; component. It allows attackers to execute arbitrary code in a privileged context or cause a denial of service (memory corruption) via a crafted app.
CVE-2017-7172,9.3,An issue was discovered in certain Apple products. iOS before 11.2 is affected. macOS before 10.13.2 is affected. iCloud before 7.2 on Windows is affected. iTunes before 12.7.2 on Windows is affected. tvOS before 11.2 is affected. watchOS before 4.2 is affected. The issue involves the &quot;CFNetwork Session&quot; component. It allows attackers to execute arbitrary code in a privileged context or cause a denial of service (memory corruption) via a crafted app.
CVE-2017-7171,9.3,An issue was discovered in certain Apple products. iOS before 11.2 is affected. macOS before 10.13.2 is affected. tvOS before 11.2 is affected. watchOS before 4.2 is affected. The issue involves the &quot;CoreAnimation&quot; component. It allows attackers to execute arbitrary code in a privileged context or cause a denial of service (memory corruption) via a crafted app.
CVE-2017-7165,6.8,An issue was discovered in certain Apple products. iOS before 11.2 is affected. Safari before 11.0.2 is affected. iCloud before 7.2 on Windows is affected. iTunes before 12.7.2 on Windows is affected. tvOS before 11.2 is affected. watchOS before 4.2 is affected. The issue involves the &quot;WebKit&quot; component. It allows remote attackers to execute arbitrary code or cause a denial of service (memory corruption and application crash) via a crafted web site.
CVE-2017-7162,9.3,An issue was discovered in certain Apple products. iOS before 11.2 is affected. macOS before 10.13.2 is affected. tvOS before 11.2 is affected. watchOS before 4.2 is affected. The issue involves the &quot;IOKit&quot; component. It allows attackers to execute arbitrary code in a privileged context or cause a denial of service (memory corruption) via a crafted app.
CVE-2017-7127,9.3,An issue was discovered in certain Apple products. iOS before 11 is affected. macOS before 10.13 is affected. iCloud before 7.0 on Windows is affected. tvOS before 11 is affected. watchOS before 4 is affected. The issue involves the &quot;SQLite&quot; component. It allows attackers to execute arbitrary code in a privileged context or cause a denial of service (memory corruption) via a crafted app.
CVE-2017-7114,9.3,An issue was discovered in certain Apple products. iOS before 11 is affected. macOS before 10.13 is affected. tvOS before 11 is affected. watchOS before 4 is affected. The issue involves the &quot;Kernel&quot; component. It allows attackers to execute arbitrary code in a privileged context or cause a denial of service (memory corruption) via a crafted app.
CVE-2017-7112,10.0,An issue was discovered in certain Apple products. iOS before 11 is affected. tvOS before 11 is affected. watchOS before 4 is affected. The issue involves the &quot;Wi-Fi&quot; component. It might allow remote attackers to execute arbitrary code in a privileged context or cause a denial of service (memory corruption) via crafted Wi-Fi traffic.
CVE-2017-7110,10.0,An issue was discovered in certain Apple products. iOS before 11 is affected. tvOS before 11 is affected. watchOS before 4 is affected. The issue involves the &quot;Wi-Fi&quot; component. It might allow remote attackers to execute arbitrary code in a privileged context or cause a denial of service (memory corruption) via crafted Wi-Fi traffic.
CVE-2017-7108,10.0,An issue was discovered in certain Apple products. iOS before 11 is affected. tvOS before 11 is affected. watchOS before 4 is affected. The issue involves the &quot;Wi-Fi&quot; component. It might allow remote attackers to execute arbitrary code in a privileged context or cause a denial of service (memory corruption) via crafted Wi-Fi traffic.
CVE-2017-7105,10.0,An issue was discovered in certain Apple products. iOS before 11 is affected. tvOS before 11 is affected. watchOS before 4 is affected. The issue involves the &quot;Wi-Fi&quot; component. It might allow remote attackers to execute arbitrary code in a privileged context or cause a denial of service (memory corruption) via crafted Wi-Fi traffic.
CVE-2017-7103,7.5,An issue was discovered in certain Apple products. iOS before 11 is affected. tvOS before 11 is affected. watchOS before 4 is affected. The issue involves the &quot;Wi-Fi&quot; component. It might allow remote attackers to execute arbitrary code in a privileged context or cause a denial of service (memory corruption) via crafted Wi-Fi traffic.
CVE-2017-7069,9.3,An issue was discovered in certain Apple products. iOS before 10.3.3 is affected. macOS before 10.12.6 is affected. tvOS before 10.2.2 is affected. watchOS before 3.2.3 is affected. The issue involves the &quot;Kernel&quot; component. It allows attackers to execute arbitrary code in a privileged context or cause a denial of service (memory corruption) via a crafted app.
CVE-2017-7068,6.8,An issue was discovered in certain Apple products. iOS before 10.3.3 is affected. macOS before 10.12.6 is affected. tvOS before 10.2.2 is affected. watchOS before 3.2.3 is affected. The issue involves the &quot;libarchive&quot; component. It allows remote attackers to execute arbitrary code or cause a denial of service (buffer overflow and application crash) via a crafted archive file.
CVE-2017-7062,7.5,An issue was discovered in certain Apple products. iOS before 10.3.3 is affected. macOS before 10.12.6 is affected. tvOS before 10.2.2 is affected. watchOS before 3.2.3 is affected. The issue involves the &quot;Contacts&quot; component. A buffer overflow allows remote attackers to execute arbitrary code or cause a denial of service (application crash).
CVE-2017-7047,6.8,An issue was discovered in certain Apple products. iOS before 10.3.3 is affected. macOS before 10.12.6 is affected. tvOS before 10.2.2 is affected. watchOS before 3.2.3 is affected. The issue involves the &quot;libxpc&quot; component. It allows attackers to execute arbitrary code in a privileged context or cause a denial of service (memory corruption) via a crafted app.
CVE-2017-7027,9.3,An issue was discovered in certain Apple products. iOS before 10.3.3 is affected. macOS before 10.12.6 is affected. tvOS before 10.2.2 is affected. watchOS before 3.2.3 is affected. The issue involves the &quot;Kernel&quot; component. It allows attackers to execute arbitrary code in a privileged context or cause a denial of service (memory corruption) via a crafted app.
CVE-2017-7026,9.3,An issue was discovered in certain Apple products. iOS before 10.3.3 is affected. macOS before 10.12.6 is affected. tvOS before 10.2.2 is affected. watchOS before 3.2.3 is affected. The issue involves the &quot;Kernel&quot; component. It allows attackers to execute arbitrary code in a privileged context or cause a denial of service (memory corruption) via a crafted app.
CVE-2017-7009,9.3,An issue was discovered in certain Apple products. iOS before 10.3.3 is affected. macOS before 10.12.6 is affected. tvOS before 10.2.2 is affected. watchOS before 3.2.3 is affected. The issue involves the &quot;IOUSBFamily&quot; component. It allows attackers to execute arbitrary code in a privileged context or cause a denial of service (memory corruption) via a crafted app.
CVE-2017-6999,9.3,An issue was discovered in certain Apple products. iOS before 10.3.2 is affected. tvOS before 10.2.1 is affected. watchOS before 3.2.2 is affected. The issue involves the &quot;AVEVideoEncoder&quot; component. It allows attackers to execute arbitrary code in a privileged context or cause a denial of service (memory corruption) via a crafted app.
CVE-2017-6998,9.3,An issue was discovered in certain Apple products. iOS before 10.3.2 is affected. tvOS before 10.2.1 is affected. watchOS before 3.2.2 is affected. The issue involves the &quot;AVEVideoEncoder&quot; component. It allows attackers to execute arbitrary code in a privileged context or cause a denial of service (memory corruption) via a crafted app.
CVE-2017-6997,9.3,An issue was discovered in certain Apple products. iOS before 10.3.2 is affected. tvOS before 10.2.1 is affected. watchOS before 3.2.2 is affected. The issue involves the &quot;AVEVideoEncoder&quot; component. It allows attackers to execute arbitrary code in a privileged context or cause a denial of service (memory corruption) via a crafted app.
CVE-2017-6996,9.3,An issue was discovered in certain Apple products. iOS before 10.3.2 is affected. tvOS before 10.2.1 is affected. watchOS before 3.2.2 is affected. The issue involves the &quot;AVEVideoEncoder&quot; component. It allows attackers to execute arbitrary code in a privileged context or cause a denial of service (memory corruption) via a crafted app.
CVE-2017-6995,9.3,An issue was discovered in certain Apple products. iOS before 10.3.2 is affected. tvOS before 10.2.1 is affected. watchOS before 3.2.2 is affected. The issue involves the &quot;AVEVideoEncoder&quot; component. It allows attackers to execute arbitrary code in a privileged context or cause a denial of service (memory corruption) via a crafted app.
CVE-2017-6994,9.3,An issue was discovered in certain Apple products. iOS before 10.3.2 is affected. tvOS before 10.2.1 is affected. watchOS before 3.2.2 is affected. The issue involves the &quot;AVEVideoEncoder&quot; component. It allows attackers to execute arbitrary code in a privileged context or cause a denial of service (memory corruption) via a crafted app.
CVE-2017-6989,9.3,An issue was discovered in certain Apple products. iOS before 10.3.2 is affected. tvOS before 10.2.1 is affected. watchOS before 3.2.2 is affected. The issue involves the &quot;AVEVideoEncoder&quot; component. It allows attackers to execute arbitrary code in a privileged context or cause a denial of service (memory corruption) via a crafted app.
CVE-2017-6979,7.6,An issue was discovered in certain Apple products. iOS before 10.3.2 is affected. macOS before 10.12.5 is affected. tvOS before 10.2.1 is affected. watchOS before 3.2.2 is affected. The issue involves the &quot;IOSurface&quot; component. A race condition allows attackers to execute arbitrary code in a privileged context via a crafted app.
CVE-2017-2524,7.5,An issue was discovered in certain Apple products. iOS before 10.3.2 is affected. macOS before 10.12.5 is affected. tvOS before 10.2.1 is affected. watchOS before 3.2.2 is affected. The issue involves the &quot;TextInput&quot; component. It allows remote attackers to execute arbitrary code or cause a denial of service (memory corruption and application crash) via crafted data.
CVE-2017-2523,7.5,An issue was discovered in certain Apple products. iOS before 10.3.2 is affected. macOS before 10.12.5 is affected. tvOS before 10.2.1 is affected. watchOS before 3.2.2 is affected. The issue involves the &quot;Foundation&quot; component. It allows remote attackers to execute arbitrary code or cause a denial of service (memory corruption and application crash) via crafted data.
CVE-2017-2522,7.5,An issue was discovered in certain Apple products. iOS before 10.3.2 is affected. macOS before 10.12.5 is affected. tvOS before 10.2.1 is affected. watchOS before 3.2.2 is affected. The issue involves the &quot;CoreFoundation&quot; component. It allows remote attackers to execute arbitrary code or cause a denial of service (memory corruption and application crash) via crafted data.
CVE-2017-2521,6.8,An issue was discovered in certain Apple products. iOS before 10.3.2 is affected. Safari before 10.1.1 is affected. tvOS before 10.2.1 is affected. watchOS before 3.2.2 is affected. The issue involves the &quot;WebKit&quot; component. It allows remote attackers to execute arbitrary code or cause a denial of service (memory corruption and application crash) via a crafted web site.
CVE-2017-2520,7.5,An issue was discovered in certain Apple products. iOS before 10.3.2 is affected. macOS before 10.12.5 is affected. tvOS before 10.2.1 is affected. watchOS before 3.2.2 is affected. The issue involves the &quot;SQLite&quot; component. It allows remote attackers to execute arbitrary code or cause a denial of service (buffer overflow and application crash) via a crafted SQL statement.
CVE-2017-2519,7.5,An issue was discovered in certain Apple products. iOS before 10.3.2 is affected. macOS before 10.12.5 is affected. tvOS before 10.2.1 is affected. watchOS before 3.2.2 is affected. The issue involves the &quot;SQLite&quot; component. It allows remote attackers to execute arbitrary code or cause a denial of service (memory corruption and application crash) via a crafted SQL statement.
CVE-2017-2518,7.5,An issue was discovered in certain Apple products. iOS before 10.3.2 is affected. macOS before 10.12.5 is affected. tvOS before 10.2.1 is affected. watchOS before 3.2.2 is affected. The issue involves the &quot;SQLite&quot; component. It allows remote attackers to execute arbitrary code or cause a denial of service (buffer overflow and application crash) via a crafted SQL statement.
CVE-2017-2513,7.5,An issue was discovered in certain Apple products. iOS before 10.3.2 is affected. macOS before 10.12.5 is affected. tvOS before 10.2.1 is affected. watchOS before 3.2.2 is affected. The issue involves the &quot;SQLite&quot; component. A use-after-free vulnerability allows remote attackers to execute arbitrary code or cause a denial of service (application crash) via a crafted SQL statement.
CVE-2017-2501,7.6,An issue was discovered in certain Apple products. iOS before 10.3.2 is affected. macOS before 10.12.5 is affected. tvOS before 10.2.1 is affected. watchOS before 3.2.2 is affected. The issue involves the &quot;Kernel&quot; component. A race condition allows attackers to execute arbitrary code in a privileged context via a crafted app.
CVE-2017-2490,9.3,An issue was discovered in certain Apple products. iOS before 10.3 is affected. macOS before 10.12.4 is affected. tvOS before 10.2 is affected. watchOS before 3.2 is affected. The issue involves the &quot;Kernel&quot; component. It allows attackers to execute arbitrary code in a privileged context or cause a denial of service (memory corruption) via a crafted app.
CVE-2017-2487,6.8,An issue was discovered in certain Apple products. iOS before 10.3 is affected. macOS before 10.12.4 is affected. tvOS before 10.2 is affected. watchOS before 3.2 is affected. The issue involves the &quot;FontParser&quot; component. It allows remote attackers to execute arbitrary code or cause a denial of service (memory corruption and application crash) via a crafted font file.
CVE-2017-2485,9.3,An issue was discovered in certain Apple products. iOS before 10.3 is affected. macOS before 10.12.4 is affected. tvOS before 10.2 is affected. watchOS before 3.2 is affected. The issue involves the &quot;Security&quot; component. It allows remote attackers to execute arbitrary code or cause a denial of service (memory corruption and application crash) via a crafted X.509 certificate file.
CVE-2017-2483,9.3,An issue was discovered in certain Apple products. iOS before 10.3 is affected. macOS before 10.12.4 is affected. tvOS before 10.2 is affected. watchOS before 3.2 is affected. The issue involves the &quot;Kernel&quot; component. A buffer overflow allows attackers to execute arbitrary code in a privileged context via a crafted app.
CVE-2017-2482,9.3,An issue was discovered in certain Apple products. iOS before 10.3 is affected. macOS before 10.12.4 is affected. tvOS before 10.2 is affected. watchOS before 3.2 is affected. The issue involves the &quot;Kernel&quot; component. A buffer overflow allows attackers to execute arbitrary code in a privileged context via a crafted app.
CVE-2017-2478,7.6,An issue was discovered in certain Apple products. iOS before 10.3 is affected. macOS before 10.12.4 is affected. tvOS before 10.2 is affected. watchOS before 3.2 is affected. The issue involves the &quot;Kernel&quot; component. A race condition allows attackers to execute arbitrary code in a privileged context via a crafted app.
CVE-2017-2474,9.3,An issue was discovered in certain Apple products. iOS before 10.3 is affected. macOS before 10.12.4 is affected. tvOS before 10.2 is affected. watchOS before 3.2 is affected. The issue involves the &quot;Kernel&quot; component. An off-by-one error allows attackers to execute arbitrary code in a privileged context via a crafted app.
CVE-2017-2473,9.3,An issue was discovered in certain Apple products. iOS before 10.3 is affected. macOS before 10.12.4 is affected. tvOS before 10.2 is affected. watchOS before 3.2 is affected. The issue involves the &quot;Kernel&quot; component. It allows attackers to execute arbitrary code in a privileged context or cause a denial of service (memory corruption) via a crafted app.
CVE-2017-2472,9.3,An issue was discovered in certain Apple products. iOS before 10.3 is affected. macOS before 10.12.4 is affected. tvOS before 10.2 is affected. watchOS before 3.2 is affected. The issue involves the &quot;Kernel&quot; component. It allows attackers to execute arbitrary code in a privileged context or cause a denial of service (use-after-free) via a crafted app.
CVE-2017-2471,6.8,An issue was discovered in certain Apple products. iOS before 10.3 is affected. Safari before 10.1 is affected. watchOS before 3.2 is affected. The issue involves the &quot;WebKit&quot; component. A use-after-free vulnerability allows remote attackers to execute arbitrary code via a crafted web site.
CVE-2017-2467,6.8,An issue was discovered in certain Apple products. iOS before 10.3 is affected. macOS before 10.12.4 is affected. tvOS before 10.2 is affected. watchOS before 3.2 is affected. The issue involves the &quot;ImageIO&quot; component. It allows remote attackers to execute arbitrary code or cause a denial of service (memory corruption and application crash) via a crafted file.
CVE-2017-2462,6.8,An issue was discovered in certain Apple products. iOS before 10.3 is affected. macOS before 10.12.4 is affected. tvOS before 10.2 is affected. watchOS before 3.2 is affected. The issue involves the &quot;Audio&quot; component. It allows remote attackers to execute arbitrary code or cause a denial of service (memory corruption and application crash) via a crafted audio file.
CVE-2017-2458,9.3,An issue was discovered in certain Apple products. iOS before 10.3 is affected. macOS before 10.12.4 is affected. tvOS before 10.2 is affected. watchOS before 3.2 is affected. The issue involves the &quot;Keyboards&quot; component. A buffer overflow allows attackers to execute arbitrary code in a privileged context via a crafted app.
CVE-2017-2456,7.6,An issue was discovered in certain Apple products. iOS before 10.3 is affected. macOS before 10.12.4 is affected. tvOS before 10.2 is affected. watchOS before 3.2 is affected. The issue involves the &quot;Kernel&quot; component. A race condition allows attackers to execute arbitrary code in a privileged context via a crafted app.
CVE-2017-2451,9.3,An issue was discovered in certain Apple products. iOS before 10.3 is affected. macOS before 10.12.4 is affected. tvOS before 10.2 is affected. watchOS before 3.2 is affected. The issue involves the &quot;Security&quot; component. It allows attackers to execute arbitrary code in a privileged context or cause a denial of service (buffer overflow) via a crafted app.
CVE-2017-2444,6.8,An issue was discovered in certain Apple products. iOS before 10.3 is affected. Safari before 10.1 is affected. tvOS before 10.2 is affected. watchOS before 3.2 is affected. The issue involves the &quot;CoreGraphics&quot; component. It allows remote attackers to execute arbitrary code or cause a denial of service (memory corruption and application crash) via a crafted web site.
CVE-2017-2441,9.3,An issue was discovered in certain Apple products. iOS before 10.3 is affected. macOS before 10.12.4 is affected. tvOS before 10.2 is affected. watchOS before 3.2 is affected. The issue involves the &quot;libc++abi&quot; component. A use-after-free vulnerability allows remote attackers to execute arbitrary code via a crafted C++ app that is mishandled during demangling.
CVE-2017-2440,9.3,An issue was discovered in certain Apple products. iOS before 10.3 is affected. macOS before 10.12.4 is affected. tvOS before 10.2 is affected. watchOS before 3.2 is affected. The issue involves the &quot;Kernel&quot; component. It allows attackers to execute arbitrary code in a privileged context or cause a denial of service (integer overflow) via a crafted app.
CVE-2017-2435,6.8,An issue was discovered in certain Apple products. iOS before 10.3 is affected. macOS before 10.12.4 is affected. tvOS before 10.2 is affected. watchOS before 3.2 is affected. The issue involves the &quot;CoreText&quot; component. It allows remote attackers to execute arbitrary code or cause a denial of service (memory corruption and application crash) via a crafted font file.
CVE-2017-2432,6.8,An issue was discovered in certain Apple products. iOS before 10.3 is affected. macOS before 10.12.4 is affected. tvOS before 10.2 is affected. watchOS before 3.2 is affected. The issue involves the &quot;ImageIO&quot; component. It allows remote attackers to execute arbitrary code or cause a denial of service (memory corruption and application crash) via a crafted JPEG file.
CVE-2017-2430,6.8,An issue was discovered in certain Apple products. iOS before 10.3 is affected. macOS before 10.12.4 is affected. tvOS before 10.2 is affected. watchOS before 3.2 is affected. The issue involves the &quot;Audio&quot; component. It allows remote attackers to execute arbitrary code or cause a denial of service (memory corruption and application crash) via a crafted audio file.
CVE-2017-2416,6.8,An issue was discovered in certain Apple products. iOS before 10.3 is affected. macOS before 10.12.4 is affected. tvOS before 10.2 is affected. watchOS before 3.2 is affected. The issue involves the &quot;ImageIO&quot; component. It allows remote attackers to execute arbitrary code or cause a denial of service (memory corruption and application crash) via a crafted image file.
CVE-2017-2415,6.8,An issue was discovered in certain Apple products. iOS before 10.3 is affected. Safari before 10.1 is affected. tvOS before 10.2 is affected. watchOS before 3.2 is affected. The issue involves the &quot;WebKit&quot; component. It allows remote attackers to execute arbitrary code by leveraging an unspecified &quot;type confusion.&quot;
CVE-2017-2407,6.8,An issue was discovered in certain Apple products. iOS before 10.3 is affected. macOS before 10.12.4 is affected. tvOS before 10.2 is affected. watchOS before 3.2 is affected. The issue involves the &quot;FontParser&quot; component. It allows remote attackers to execute arbitrary code or cause a denial of service (memory corruption and application crash) via a crafted font file.
CVE-2017-2406,6.8,An issue was discovered in certain Apple products. iOS before 10.3 is affected. macOS before 10.12.4 is affected. tvOS before 10.2 is affected. watchOS before 3.2 is affected. The issue involves the &quot;FontParser&quot; component. It allows remote attackers to execute arbitrary code or cause a denial of service (memory corruption and application crash) via a crafted font file.
CVE-2017-2401,9.3,An issue was discovered in certain Apple products. iOS before 10.3 is affected. macOS before 10.12.4 is affected. tvOS before 10.2 is affected. watchOS before 3.2 is affected. The issue involves the &quot;Kernel&quot; component. It allows attackers to execute arbitrary code in a privileged context or cause a denial of service (memory corruption) via a crafted app.
CVE-2017-2379,6.8,An issue was discovered in certain Apple products. iOS before 10.3 is affected. macOS before 10.12.4 is affected. tvOS before 10.2 is affected. watchOS before 3.2 is affected. The issue involves the &quot;Carbon&quot; component. It allows remote attackers to execute arbitrary code or cause a denial of service (buffer overflow and application crash) via a crafted .dfont file.
CVE-2017-2370,9.3,An issue was discovered in certain Apple products. iOS before 10.2.1 is affected. macOS before 10.12.3 is affected. tvOS before 10.1.1 is affected. watchOS before 3.1.3 is affected. The issue involves the &quot;Kernel&quot; component. It allows attackers to execute arbitrary code in a privileged context or cause a denial of service (buffer overflow) via a crafted app.
CVE-2017-2360,9.3,An issue was discovered in certain Apple products. iOS before 10.2.1 is affected. macOS before 10.12.3 is affected. tvOS before 10.1.1 is affected. watchOS before 3.1.3 is affected. The issue involves the &quot;Kernel&quot; component. It allows attackers to execute arbitrary code in a privileged context or cause a denial of service (use-after-free) via a crafted app.
CVE-2016-7663,7.5,An issue was discovered in certain Apple products. iOS before 10.2 is affected. macOS before 10.12.2 is affected. watchOS before 3.1.3 is affected. The issue involves the &quot;CoreFoundation&quot; component. It allows remote attackers to execute arbitrary code or cause a denial of service (memory corruption and application crash) via a crafted string.
CVE-2016-7659,6.8,An issue was discovered in certain Apple products. iOS before 10.2 is affected. macOS before 10.12.2 is affected. watchOS before 3.1.3 is affected. The issue involves the &quot;Audio&quot; component. It allows remote attackers to execute arbitrary code or cause a denial of service (memory corruption and application crash) via a crafted file.
CVE-2016-7658,6.8,An issue was discovered in certain Apple products. iOS before 10.2 is affected. macOS before 10.12.2 is affected. watchOS before 3.1.3 is affected. The issue involves the &quot;Audio&quot; component. It allows remote attackers to execute arbitrary code or cause a denial of service (memory corruption and application crash) via a crafted file.
CVE-2016-7644,9.3,An issue was discovered in certain Apple products. iOS before 10.2 is affected. macOS before 10.12.2 is affected. watchOS before 3.1.3 is affected. The issue involves the &quot;Kernel&quot; component. It allows attackers to execute arbitrary code in a privileged context or cause a denial of service (use-after-free) via a crafted app.
CVE-2016-7626,6.8,An issue was discovered in certain Apple products. iOS before 10.2 is affected. tvOS before 10.1 is affected. watchOS before 3.1.1 is affected. The issue involves the &quot;Profiles&quot; component. It allows remote attackers to execute arbitrary code or cause a denial of service (memory corruption and application crash) via a crafted certificate profile.
CVE-2016-7621,7.2,An issue was discovered in certain Apple products. iOS before 10.2 is affected. macOS before 10.12.2 is affected. watchOS before 3.1.3 is affected. The issue involves the &quot;Kernel&quot; component. It allows local users to execute arbitrary code in a privileged context or cause a denial of service (use-after-free) via unspecified vectors.
CVE-2016-7616,9.3,An issue was discovered in certain Apple products. iOS before 10.2 is affected. macOS before 10.12.2 is affected. watchOS before 3.1.3 is affected. The issue involves the &quot;Disk Images&quot; component. It allows attackers to execute arbitrary code in a privileged context or cause a denial of service (memory corruption) via a crafted app.
CVE-2016-7613,9.3,An issue was discovered in certain Apple products. iOS before 10.1 is affected. macOS before 10.12.1 is affected. tvOS before 10.0.1 is affected. watchOS before 3.1 is affected. The issue involves the &quot;Kernel&quot; component. It allows attackers to execute arbitrary code in a privileged context via a crafted app that leverages object-lifetime mishandling during process spawning.
CVE-2016-7612,9.3,An issue was discovered in certain Apple products. iOS before 10.2 is affected. macOS before 10.12.2 is affected. watchOS before 3.1.3 is affected. The issue involves the &quot;Kernel&quot; component. It allows attackers to execute arbitrary code in a privileged context or cause a denial of service (memory corruption) via a crafted app.
CVE-2016-7606,9.3,An issue was discovered in certain Apple products. iOS before 10.2 is affected. macOS before 10.12.2 is affected. watchOS before 3.1.3 is affected. The issue involves the &quot;Kernel&quot; component. It allows attackers to execute arbitrary code in a privileged context or cause a denial of service (memory corruption) via a crafted app.
CVE-2016-7595,6.8,An issue was discovered in certain Apple products. iOS before 10.2 is affected. macOS before 10.12.2 is affected. watchOS before 3.1.3 is affected. The issue involves the &quot;CoreText&quot; component. It allows remote attackers to execute arbitrary code or cause a denial of service (memory corruption and application crash) via a crafted font.
CVE-2016-7594,6.8,An issue was discovered in certain Apple products. iOS before 10.2 is affected. macOS before 10.12.2 is affected. watchOS before 3.1.3 is affected. The issue involves the &quot;ICU&quot; component. It allows remote attackers to execute arbitrary code or cause a denial of service (memory corruption and application crash) via a crafted web site.
CVE-2016-7591,9.3,An issue was discovered in certain Apple products. iOS before 10.2 is affected. macOS before 10.12.2 is affected. watchOS before 3.1.3 is affected. The issue involves the &quot;IOHIDFamily&quot; component. It allows attackers to execute arbitrary code in a privileged context or cause a denial of service (use-after-free) via a crafted app.
CVE-2016-7589,6.8,An issue was discovered in certain Apple products. iOS before 10.2 is affected. Safari before 10.0.2 is affected. iCloud before 6.1 is affected. iTunes before 12.5.4 is affected. watchOS before 3.1.3 is affected. The issue involves the &quot;WebKit&quot; component. It allows remote attackers to execute arbitrary code or cause a denial of service (memory corruption and application crash) via a crafted web site.
CVE-2016-7588,6.8,An issue was discovered in certain Apple products. iOS before 10.2 is affected. macOS before 10.12.2 is affected. watchOS before 3.1.3 is affected. The issue involves the &quot;CoreMedia Playback&quot; component. It allows remote attackers to execute arbitrary code or cause a denial of service (memory corruption and application crash) via a crafted MP4 file.
CVE-2016-4778,9.3,"The kernel in Apple iOS before 10, OS X before 10.12, tvOS before 10, and watchOS before 3 allows attackers to execute arbitrary code in a privileged context or cause a denial of service (memory corruption) via a crafted app."
CVE-2016-4777,9.3,"The kernel in Apple iOS before 10, OS X before 10.12, tvOS before 10, and watchOS before 3 allows attackers to execute arbitrary code in a privileged context or cause a denial of service (invalid pointer dereference) via a crafted app."
CVE-2016-4753,9.3,"Apple iOS before 10, OS X before 10.12, tvOS before 10, and watchOS before 3 mishandle signed disk images, which allows attackers to execute arbitrary code in a privileged context via a crafted app."
CVE-2016-4738,9.3,"libxslt in Apple iOS before 10, OS X before 10.12, tvOS before 10, and watchOS before 3 allows remote attackers to execute arbitrary code or cause a denial of service (memory corruption) via a crafted web site."
CVE-2016-4737,9.3,"WebKit in Apple iOS before 10, Safari before 10, tvOS before 10, and watchOS before 3 allows remote attackers to execute arbitrary code or cause a denial of service (memory corruption) via a crafted web site."
CVE-2016-4726,9.3,"IOAcceleratorFamily in Apple iOS before 10, OS X before 10.12, tvOS before 10, and watchOS before 3 allows attackers to execute arbitrary code in a privileged context or cause a denial of service (memory corruption) via a crafted app."
CVE-2016-4712,9.3,"CoreCrypto in Apple iOS before 10, OS X before 10.12, tvOS before 10, and watchOS before 3 allows attackers to execute arbitrary code or cause a denial of service (out-of-bounds write) via a crafted app."
CVE-2016-4702,10.0,"Audio in Apple iOS before 10, OS X before 10.12, tvOS before 10, and watchOS before 3 allows remote attackers to execute arbitrary code or cause a denial of service (memory corruption) via unspecified vectors."
CVE-2016-4691,6.8,An issue was discovered in certain Apple products. iOS before 10.2 is affected. macOS before 10.12.2 is affected. watchOS before 3.1.3 is affected. The issue involves the &quot;FontParser&quot; component. It allows remote attackers to execute arbitrary code or cause a denial of service (memory corruption and application crash) via a crafted font.
CVE-2016-4688,6.8,An issue was discovered in certain Apple products. iOS before 10.1 is affected. macOS before 10.12.1 is affected. tvOS before 10.0.1 is affected. watchOS before 3.1 is affected. watchOS before 3.1.3 is affected. The issue involves the &quot;FontParser&quot; component. It allows remote attackers to execute arbitrary code or cause a denial of service (buffer overflow and application crash) via a crafted font.
CVE-2016-4675,9.3,An issue was discovered in certain Apple products. iOS before 10.1 is affected. macOS before 10.12.1 is affected. tvOS before 10.0.1 is affected. watchOS before 3.1 is affected. The issue involves the &quot;libxpc&quot; component. It allows attackers to execute arbitrary code in a privileged context via a crafted app.
CVE-2016-4673,6.8,An issue was discovered in certain Apple products. iOS before 10.1 is affected. macOS before 10.12.1 is affected. tvOS before 10.0.1 is affected. watchOS before 3.1 is affected. The issue involves the &quot;CoreGraphics&quot; component. It allows remote attackers to execute arbitrary code or cause a denial of service (memory corruption and application crash) via a crafted JPEG file.
CVE-2016-4669,7.2,An issue was discovered in certain Apple products. iOS before 10.1 is affected. macOS before 10.12.1 is affected. tvOS before 10.0.1 is affected. watchOS before 3.1 is affected. The issue involves the &quot;Kernel&quot; component. It allows local users to execute arbitrary code in a privileged context or cause a denial of service (MIG code mishandling and system crash) via unspecified vectors.
CVE-2016-4658,10.0,"xpointer.c in libxml2 before 2.9.5 (as used in Apple iOS before 10, OS X before 10.12, tvOS before 10, and watchOS before 3, and other products) does not forbid namespace nodes in XPointer ranges, which allows remote attackers to execute arbitrary code or cause a denial of service (use-after-free and memory corruption) via a crafted XML document."
CVE-2016-4637,6.8,"CoreGraphics in Apple iOS before 9.3.3, OS X before 10.11.6, tvOS before 9.2.2, and watchOS before 2.2.2 allows remote attackers to execute arbitrary code or cause a denial of service (memory corruption) via a crafted BMP image."
CVE-2016-4631,6.8,"ImageIO in Apple iOS before 9.3.3, OS X before 10.11.6, tvOS before 9.2.2, and watchOS before 2.2.2 allows remote attackers to execute arbitrary code or cause a denial of service (memory corruption) via a crafted TIFF file."
CVE-2016-1950,6.8,"Heap-based buffer overflow in Mozilla Network Security Services (NSS) before 3.19.2.3 and 3.20.x and 3.21.x before 3.21.1, as used in Mozilla Firefox before 45.0 and Firefox ESR 38.x before 38.7, allows remote attackers to execute arbitrary code via crafted ASN.1 data in an X.509 certificate."
CVE-2016-1847,6.8,"OpenGL, as used in Apple iOS before 9.3.2, OS X before 10.11.5, tvOS before 9.2.1, and watchOS before 2.2.1, allows remote attackers to execute arbitrary code or cause a denial of service (memory corruption) via a crafted web site."
CVE-2016-1841,6.8,"libxslt, as used in Apple iOS before 9.3.2, OS X before 10.11.5, tvOS before 9.2.1, and watchOS before 2.2.1, allows remote attackers to execute arbitrary code or cause a denial of service (memory corruption) via a crafted web site."
CVE-2016-1840,6.8,"Heap-based buffer overflow in the xmlFAParsePosCharGroup function in libxml2 before 2.9.4, as used in Apple iOS before 9.3.2, OS X before 10.11.5, tvOS before 9.2.1, and watchOS before 2.2.1, allows remote attackers to execute arbitrary code or cause a denial of service (memory corruption) via a crafted XML document."
CVE-2016-1834,6.8,"Heap-based buffer overflow in the xmlStrncat function in libxml2 before 2.9.4, as used in Apple iOS before 9.3.2, OS X before 10.11.5, tvOS before 9.2.1, and watchOS before 2.2.1, allows remote attackers to execute arbitrary code or cause a denial of service (memory corruption) via a crafted XML document."
CVE-2016-1831,9.3,The kernel in Apple iOS before 9.3.2 and OS X before 10.11.5 allows attackers to execute arbitrary code in a privileged context or cause a denial of service (memory corruption) via a crafted app.
CVE-2016-1830,8.5,"The kernel in Apple iOS before 9.3.2, OS X before 10.11.5, tvOS before 9.2.1, and watchOS before 2.2.1 allows attackers to execute arbitrary code in a privileged context or cause a denial of service (memory corruption) via a crafted app, a different vulnerability than CVE-2016-1827, CVE-2016-1828, and CVE-2016-1829."
CVE-2016-1829,9.3,"The kernel in Apple iOS before 9.3.2, OS X before 10.11.5, tvOS before 9.2.1, and watchOS before 2.2.1 allows attackers to execute arbitrary code in a privileged context or cause a denial of service (memory corruption) via a crafted app, a different vulnerability than CVE-2016-1827, CVE-2016-1828, and CVE-2016-1830."
CVE-2016-1828,9.3,"The kernel in Apple iOS before 9.3.2, OS X before 10.11.5, tvOS before 9.2.1, and watchOS before 2.2.1 allows attackers to execute arbitrary code in a privileged context or cause a denial of service (memory corruption) via a crafted app, a different vulnerability than CVE-2016-1827, CVE-2016-1829, and CVE-2016-1830."
CVE-2016-1827,9.3,"The kernel in Apple iOS before 9.3.2, OS X before 10.11.5, tvOS before 9.2.1, and watchOS before 2.2.1 allows attackers to execute arbitrary code in a privileged context or cause a denial of service (memory corruption) via a crafted app, a different vulnerability than CVE-2016-1828, CVE-2016-1829, and CVE-2016-1830."
CVE-2016-1824,9.3,"IOHIDFamily in Apple iOS before 9.3.2, OS X before 10.11.5, tvOS before 9.2.1, and watchOS before 2.2.1 allows attackers to execute arbitrary code in a privileged context or cause a denial of service (memory corruption) via a crafted app, a different vulnerability than CVE-2016-1823."
CVE-2016-1823,9.3,"The IOHIDDevice::handleReportWithTime function in Apple iOS before 9.3.2, OS X before 10.11.5, tvOS before 9.2.1, and watchOS before 2.2.1 allows attackers to execute arbitrary code in a privileged context or cause a denial of service (out-of-bounds read and memory corruption) via a crafted IOHIDReportType enum, which triggers an incorrect cast, a different vulnerability than CVE-2016-1824."
CVE-2016-1819,9.3,"Use-after-free vulnerability in the IOAccelContext2::clientMemoryForType method in Apple iOS before 9.3.2, OS X before 10.11.5, tvOS before 9.2.1, and watchOS before 2.2.1 allows attackers to execute arbitrary code in a privileged context or cause a denial of service (memory corruption) via a crafted app, a different vulnerability than CVE-2016-1817 and CVE-2016-1818."
CVE-2016-1818,9.3,"IOAcceleratorFamily in Apple iOS before 9.3.2, OS X before 10.11.5, tvOS before 9.2.1, and watchOS before 2.2.1 allows attackers to execute arbitrary code in a privileged context or cause a denial of service (memory corruption) via a crafted app, a different vulnerability than CVE-2016-1817 and CVE-2016-1819."
CVE-2016-1817,9.3,"IOAcceleratorFamily in Apple iOS before 9.3.2, OS X before 10.11.5, tvOS before 9.2.1, and watchOS before 2.2.1 allows attackers to execute arbitrary code in a privileged context or cause a denial of service (memory corruption) via a crafted app, a different vulnerability than CVE-2016-1818 and CVE-2016-1819."
CVE-2016-1813,9.3,"The IOAccelSharedUserClient2::page_off_resource method in Apple iOS before 9.3.2, OS X before 10.11.5, tvOS before 9.2.1, and watchOS before 2.2.1 allows attackers to execute arbitrary code in a privileged context or cause a denial of service (NULL pointer dereference) via a crafted app."
CVE-2016-1808,9.3,"The Disk Images subsystem in Apple iOS before 9.3.2, OS X before 10.11.5, tvOS before 9.2.1, and watchOS before 2.2.1 allows attackers to execute arbitrary code in a privileged context or cause a denial of service (memory corruption) via a crafted app."
CVE-2016-1803,9.3,"CoreCapture in Apple iOS before 9.3.2, OS X before 10.11.5, tvOS before 9.2.1, and watchOS before 2.2.1 allows attackers to execute arbitrary code in a privileged context or cause a denial of service (NULL pointer dereference) via a crafted app."
CVE-2016-1775,9.3,"TrueTypeScaler in Apple iOS before 9.3, OS X before 10.11.4, tvOS before 9.2, and watchOS before 2.2 allows remote attackers to execute arbitrary code or cause a denial of service (memory corruption) via a crafted font file."
CVE-2016-1761,10.0,"libxml2 in Apple iOS before 9.3, OS X before 10.11.4, and watchOS before 2.2 allows remote attackers to execute arbitrary code or cause a denial of service (memory corruption) via a crafted XML document."
CVE-2016-1755,9.3,"The kernel in Apple iOS before 9.3, OS X before 10.11.4, tvOS before 9.2, and watchOS before 2.2 allows attackers to execute arbitrary code in a privileged context or cause a denial of service (memory corruption) via a crafted app, a different vulnerability than CVE-2016-1754."
CVE-2016-1754,9.3,"The kernel in Apple iOS before 9.3, OS X before 10.11.4, tvOS before 9.2, and watchOS before 2.2 allows attackers to execute arbitrary code in a privileged context or cause a denial of service (memory corruption) via a crafted app, a different vulnerability than CVE-2016-1755."
CVE-2016-1753,9.3,"Multiple integer overflows in the kernel in Apple iOS before 9.3, OS X before 10.11.4, tvOS before 9.2, and watchOS before 2.2 allow attackers to execute arbitrary code in a privileged context via a crafted app."
CVE-2016-1751,9.3,"The kernel in Apple iOS before 9.3, tvOS before 9.2, and watchOS before 2.2 does not properly restrict the execute permission, which allows attackers to bypass a code-signing protection mechanism via a crafted app."
CVE-2016-1750,9.3,"Use-after-free vulnerability in the kernel in Apple iOS before 9.3, OS X before 10.11.4, tvOS before 9.2, and watchOS before 2.2 allows attackers to execute arbitrary code in a privileged context via a crafted app."
CVE-2016-1740,9.3,"FontParser in Apple iOS before 9.3, OS X before 10.11.4, tvOS before 9.2, and watchOS before 2.2 allows remote attackers to execute arbitrary code or cause a denial of service (memory corruption) via a crafted PDF document."
CVE-2016-1727,9.3,"WebKit, as used in Apple iOS before 9.2.1, Safari before 9.0.3, and tvOS before 9.1.1, allows remote attackers to execute arbitrary code or cause a denial of service (memory corruption) via a crafted web site, a different vulnerability than CVE-2016-1724."
CVE-2016-1726,9.3,"WebKit, as used in Apple iOS before 9.2.1 and Safari before 9.0.3, allows remote attackers to execute arbitrary code or cause a denial of service (memory corruption) via a crafted web site, a different vulnerability than CVE-2016-1723 and CVE-2016-1725."
CVE-2016-1725,9.3,"WebKit, as used in Apple iOS before 9.2.1 and Safari before 9.0.3, allows remote attackers to execute arbitrary code or cause a denial of service (memory corruption) via a crafted web site, a different vulnerability than CVE-2016-1723 and CVE-2016-1726."
CVE-2016-1724,9.3,"WebKit, as used in Apple iOS before 9.2.1, Safari before 9.0.3, and tvOS before 9.1.1, allows remote attackers to execute arbitrary code or cause a denial of service (memory corruption) via a crafted web site, a different vulnerability than CVE-2016-1727."
CVE-2016-1723,9.3,"WebKit, as used in Apple iOS before 9.2.1 and Safari before 9.0.3, allows remote attackers to execute arbitrary code or cause a denial of service (memory corruption) via a crafted web site, a different vulnerability than CVE-2016-1725 and CVE-2016-1726."
CVE-2016-0802,8.3,"The Broadcom Wi-Fi driver in the kernel in Android 4.x before 4.4.4, 5.x before 5.1.1 LMY49G, and 6.x before 2016-02-01 allows remote attackers to execute arbitrary code or cause a denial of service (memory corruption) via crafted wireless control message packets, aka internal bug 25306181."
CVE-2016-0801,8.3,"The Broadcom Wi-Fi driver in the kernel in Android 4.x before 4.4.4, 5.x before 5.1.1 LMY49G, and 6.x before 2016-02-01 allows remote attackers to execute arbitrary code or cause a denial of service (memory corruption) via crafted wireless control message packets, aka internal bug 25662029."
CVE-2015-7988,7.5,The handle_regservice_request function in mDNSResponder before 625.41.2 allows remote attackers to execute arbitrary code or cause a denial of service (NULL pointer dereference) via unspecified vectors.
CVE-2015-7113,10.0,The LaunchServices component in Apple iOS before 9.2 and watchOS before 2.1 allows attackers to execute arbitrary code in a privileged context or cause a denial of service (memory corruption) via a malformed plist.
CVE-2015-7112,9.3,"The IOHIDFamily API in Apple iOS before 9.2, OS X before 10.11.2, tvOS before 9.1, and watchOS before 2.1 allows attackers to execute arbitrary code in a privileged context or cause a denial of service (memory corruption) via a crafted app, a different vulnerability than CVE-2015-7111."
CVE-2015-7111,9.3,"The IOHIDFamily API in Apple iOS before 9.2, OS X before 10.11.2, tvOS before 9.1, and watchOS before 2.1 allows attackers to execute arbitrary code in a privileged context or cause a denial of service (memory corruption) via a crafted app, a different vulnerability than CVE-2015-7112."
CVE-2015-7105,6.8,"CoreGraphics in Apple iOS before 9.2, OS X before 10.11.2, tvOS before 9.1, and watchOS before 2.1 allows remote attackers to execute arbitrary code or cause a denial of service (memory corruption) via a crafted font file."
CVE-2015-7075,6.8,"CoreMedia Playback in Apple iOS before 9.2, OS X before 10.11.2, tvOS before 9.1, and watchOS before 2.1 allows remote attackers to execute arbitrary code or cause a denial of service (memory corruption) via a malformed media file."
CVE-2015-7073,6.8,"Apple iOS before 9.2, OS X before 10.11.2, tvOS before 9.1, and watchOS before 2.1 allow remote attackers to execute arbitrary code or cause a denial of service (memory corruption and application crash) via a crafted SSL handshake."
CVE-2015-7072,9.3,"dyld in Apple iOS before 9.2, tvOS before 9.1, and watchOS before 2.1 mishandles segment validation, which allows attackers to execute arbitrary code in a privileged context via a crafted app."
CVE-2015-7068,9.3,"IOKit SCSI in Apple iOS before 9.2, OS X before 10.11.2, tvOS before 9.1, and watchOS before 2.1 allows attackers to execute arbitrary code in a privileged context or cause a denial of service (NULL pointer dereference) via an app that provides an unspecified userclient type."
CVE-2015-7066,6.8,"OpenGL in Apple iOS before 9.2, OS X before 10.11.2, tvOS before 9.1, and watchOS before 2.1 allows remote attackers to execute arbitrary code or cause a denial of service (memory corruption) via a crafted web site, a different vulnerability than CVE-2015-7064."
CVE-2015-7064,6.8,"OpenGL in Apple iOS before 9.2, OS X before 10.11.2, tvOS before 9.1, and watchOS before 2.1 allows remote attackers to execute arbitrary code or cause a denial of service (memory corruption) via a crafted web site, a different vulnerability than CVE-2015-7066."
CVE-2015-7061,6.8,"The ASN.1 decoder in Apple OS X before 10.11.2, tvOS before 9.1, and watchOS before 2.1 allows remote attackers to execute arbitrary code or cause a denial of service (memory corruption) via a crafted certificate, a different vulnerability than CVE-2015-7059 and CVE-2015-7060."
CVE-2015-7060,6.8,"The ASN.1 decoder in Apple OS X before 10.11.2, tvOS before 9.1, and watchOS before 2.1 allows remote attackers to execute arbitrary code or cause a denial of service (memory corruption) via a crafted certificate, a different vulnerability than CVE-2015-7059 and CVE-2015-7061."
CVE-2015-7059,6.8,"The ASN.1 decoder in Apple OS X before 10.11.2, tvOS before 9.1, and watchOS before 2.1 allows remote attackers to execute arbitrary code or cause a denial of service (memory corruption) via a crafted certificate, a different vulnerability than CVE-2015-7060 and CVE-2015-7061."
CVE-2015-7054,6.8,"zlib in the Compression component in Apple iOS before 9.2, OS X before 10.11.2, tvOS before 9.1, and watchOS before 2.1 does not initialize memory for an unspecified data structure, which allows remote attackers to execute arbitrary code via a crafted web site."
CVE-2015-7053,6.8,"ImageIO in Apple iOS before 9.2, OS X before 10.11.2, tvOS before 9.1, and watchOS before 2.1 allows remote attackers to execute arbitrary code or cause a denial of service (memory corruption) via a crafted image."
CVE-2015-7039,6.8,"Buffer overflow in libc in Apple iOS before 9.2, OS X before 10.11.2, tvOS before 9.1, and watchOS before 2.1 allows remote attackers to execute arbitrary code via a crafted package, a different vulnerability than CVE-2015-7038."
CVE-2015-7038,6.8,"Buffer overflow in libc in Apple iOS before 9.2, OS X before 10.11.2, tvOS before 9.1, and watchOS before 2.1 allows remote attackers to execute arbitrary code via a crafted package, a different vulnerability than CVE-2015-7039."
CVE-2015-7015,6.8,"Heap-based buffer overflow in the DNS client library in configd in Apple iOS before 9.1, OS X before 10.11.1, and watchOS before 2.0.1 allows attackers to execute arbitrary code via a crafted app that sends a spoofed configd response to a client."
CVE-2015-7006,6.8,"Directory traversal vulnerability in the BOM (aka Bill of Materials) component in Apple iOS before 9.1, OS X before 10.11.1, and watchOS before 2.0.1 allows remote attackers to execute arbitrary code via a crafted CPIO archive."
CVE-2015-6996,6.8,"IOAcceleratorFamily in Apple iOS before 9.1, OS X before 10.11.1, and watchOS before 2.0.1 allows attackers to execute arbitrary code or cause a denial of service (memory corruption) via a crafted app."
CVE-2015-6989,6.8,"Grand Central Dispatch in Apple iOS before 9.1, OS X before 10.11.1, and watchOS before 2.0.1 allows attackers to execute arbitrary code or cause a denial of service (memory corruption) via a crafted package that is mishandled during dispatch calls."
CVE-2015-6979,9.3,GasGauge in Apple iOS before 9.1 allows attackers to execute arbitrary code in a privileged context or cause a denial of service (memory corruption) via a crafted app.
CVE-2015-6978,6.8,"FontParser in Apple iOS before 9.1 and OS X before 10.11.1 allows remote attackers to execute arbitrary code or cause a denial of service (memory corruption) via a crafted font file, a different vulnerability than CVE-2015-6976, CVE-2015-6977, CVE-2015-6990, CVE-2015-6991, CVE-2015-6993, CVE-2015-7008, CVE-2015-7009, CVE-2015-7010, and CVE-2015-7018."
CVE-2015-6974,9.3,"IOHIDFamily in Apple iOS before 9.1, OS X before 10.11.1, and watchOS before 2.0.1 allows attackers to execute arbitrary code in a privileged context or cause a denial of service (memory corruption) via a crafted app."
CVE-2015-5942,6.8,"FontParser in Apple iOS before 9.1, OS X before 10.11.1, and watchOS before 2.0.1 allows remote attackers to execute arbitrary code or cause a denial of service (memory corruption) via a crafted font file, a different vulnerability than CVE-2015-5927."
CVE-2015-5939,6.8,"ImageIO in Apple iOS before 9.1, OS X before 10.11.1, and watchOS before 2.0.1 allows remote attackers to execute arbitrary code or cause a denial of service (memory corruption) via crafted metadata in an image, a different vulnerability than CVE-2015-5935, CVE-2015-5936, and CVE-2015-5937."
CVE-2015-5937,6.8,"ImageIO in Apple iOS before 9.1, OS X before 10.11.1, and watchOS before 2.0.1 allows remote attackers to execute arbitrary code or cause a denial of service (memory corruption) via crafted metadata in an image, a different vulnerability than CVE-2015-5935, CVE-2015-5936, and CVE-2015-5939."
CVE-2015-5936,6.8,"ImageIO in Apple iOS before 9.1, OS X before 10.11.1, and watchOS before 2.0.1 allows remote attackers to execute arbitrary code or cause a denial of service (memory corruption) via crafted metadata in an image, a different vulnerability than CVE-2015-5935, CVE-2015-5937, and CVE-2015-5939."
CVE-2015-5935,6.8,"ImageIO in Apple iOS before 9.1, OS X before 10.11.1, and watchOS before 2.0.1 allows remote attackers to execute arbitrary code or cause a denial of service (memory corruption) via crafted metadata in an image, a different vulnerability than CVE-2015-5936, CVE-2015-5937, and CVE-2015-5939."
CVE-2015-5927,6.8,"FontParser in Apple iOS before 9.1, OS X before 10.11.1, and watchOS before 2.0.1 allows remote attackers to execute arbitrary code or cause a denial of service (memory corruption) via a crafted font file, a different vulnerability than CVE-2015-5942."
CVE-2015-5926,6.8,"The CoreGraphics component in Apple iOS before 9.1, OS X before 10.11.1, and watchOS before 2.0.1 allows remote attackers to execute arbitrary code or cause a denial of service (memory corruption) via a crafted web site, a different vulnerability than CVE-2015-5925."
CVE-2015-5925,6.8,"The CoreGraphics component in Apple iOS before 9.1, OS X before 10.11.1, and watchOS before 2.0.1 allows remote attackers to execute arbitrary code or cause a denial of service (memory corruption) via a crafted web site, a different vulnerability than CVE-2015-5926."
CVE-2015-5876,9.3,dyld in Dev Tools in Apple iOS before 9 allows attackers to execute arbitrary code in a privileged context or cause a denial of service (memory corruption) via a crafted app.
CVE-2015-5874,7.5,CoreText in Apple iOS before 9 and iTunes before 12.3 allows remote attackers to execute arbitrary code or cause a denial of service (memory corruption) via a crafted font file.
CVE-2015-5867,9.3,IOHIDFamily in Apple iOS before 9 allows attackers to execute arbitrary code in a privileged context or cause a denial of service (memory corruption) via a crafted app.
CVE-2015-5846,9.3,"IOKit in the kernel in Apple iOS before 9 allows attackers to execute arbitrary code in a privileged context or cause a denial of service (memory corruption) via a crafted app, a different vulnerability than CVE-2015-5844 and CVE-2015-5845."
CVE-2015-5845,9.3,"IOKit in the kernel in Apple iOS before 9 allows attackers to execute arbitrary code in a privileged context or cause a denial of service (memory corruption) via a crafted app, a different vulnerability than CVE-2015-5844 and CVE-2015-5846."
CVE-2015-5844,9.3,"IOKit in the kernel in Apple iOS before 9 allows attackers to execute arbitrary code in a privileged context or cause a denial of service (memory corruption) via a crafted app, a different vulnerability than CVE-2015-5845 and CVE-2015-5846."
CVE-2015-5829,6.8,Data Detectors Engine in Apple iOS before 9 allows remote attackers to execute arbitrary code or cause a denial of service (memory corruption) via a crafted text file.
CVE-2014-8147,7.5,"The resolveImplicitLevels function in common/ubidi.c in the Unicode Bidirectional Algorithm implementation in ICU4C in International Components for Unicode (ICU) before 55.1 uses an integer data type that is inconsistent with a header file, which allows remote attackers to cause a denial of service (incorrect malloc followed by invalid free) or possibly execute arbitrary code via crafted text."
CVE-2014-8146,7.5,"The resolveImplicitLevels function in common/ubidi.c in the Unicode Bidirectional Algorithm implementation in ICU4C in International Components for Unicode (ICU) before 55.1 does not properly track directionally isolated pieces of text, which allows remote attackers to cause a denial of service (heap-based buffer overflow) or possibly execute arbitrary code via crafted text."
