CVE-2018-20505,5.0,"SQLite 3.25.2, when queries are run on a table with a malformed PRIMARY KEY, allows remote attackers to cause a denial of service (application crash) by leveraging the ability to run arbitrary SQL statements (such as in certain WebSQL use cases)."
CVE-2018-4460,4.0,"A denial of service issue was addressed by removing the vulnerable code. This issue affected versions prior to iOS 12.1.1, macOS Mojave 10.14.2, tvOS 12.1.1, watchOS 5.1.2."
CVE-2018-4368,4.0,"A denial of service issue was addressed with improved validation. This issue affected versions prior to iOS 12.1, macOS Mojave 10.14.1, tvOS 12.1, watchOS 5.1."
CVE-2018-4304,4.3,"A denial of service issue was addressed with improved validation. This issue affected versions prior to iOS 12, macOS Mojave 10.14, tvOS 12, watchOS 5."
CVE-2018-4290,4.3,"A denial of service issue was addressed with improved memory handling. This issue affected versions prior to iOS 11.4.1, watchOS 4.3.2."
CVE-2018-4249,9.3,An issue was discovered in certain Apple products. iOS before 11.4 is affected. macOS before 10.13.5 is affected. tvOS before 11.4 is affected. watchOS before 4.3.1 is affected. The issue involves pktmnglr_ipfilter_input in com.apple.packet-mangler in the &quot;Kernel&quot; component. It allows attackers to execute arbitrary code in a privileged context or cause a denial of service (integer overflow and stack-based buffer overflow) via a crafted app.
CVE-2018-4240,4.3,An issue was discovered in certain Apple products. iOS before 11.4 is affected. macOS before 10.13.5 is affected. tvOS before 11.4 is affected. watchOS before 4.3.1 is affected. The issue involves the &quot;Messages&quot; component. It allows remote attackers to cause a denial of service via a crafted message.
CVE-2018-4233,6.8,An issue was discovered in certain Apple products. iOS before 11.4 is affected. Safari before 11.1.1 is affected. iCloud before 7.5 on Windows is affected. iTunes before 12.7.5 on Windows is affected. tvOS before 11.4 is affected. watchOS before 4.3.1 is affected. The issue involves the &quot;WebKit&quot; component. It allows remote attackers to execute arbitrary code or cause a denial of service (memory corruption and application crash) via a crafted web site.
CVE-2018-4218,6.8,An issue was discovered in certain Apple products. iOS before 11.4 is affected. Safari before 11.1.1 is affected. iCloud before 7.5 on Windows is affected. iTunes before 12.7.5 on Windows is affected. tvOS before 11.4 is affected. watchOS before 4.3.1 is affected. The issue involves the &quot;WebKit&quot; component. It allows remote attackers to execute arbitrary code or cause a denial of service (memory corruption and application crash) via a crafted web site that triggers an @generatorState use-after-free.
CVE-2018-4214,6.8,An issue was discovered in certain Apple products. iOS before 11.4 is affected. Safari before 11.1.1 is affected. iCloud before 7.5 on Windows is affected. iTunes before 12.7.5 on Windows is affected. tvOS before 11.4 is affected. watchOS before 4.3.1 is affected. The issue involves the &quot;WebKit&quot; component. It allows remote attackers to cause a denial of service (memory corruption and Safari crash) or possibly have unspecified other impact via a crafted web site.
CVE-2018-4211,6.8,An issue was discovered in certain Apple products. iOS before 11.4 is affected. macOS before 10.13.5 is affected. tvOS before 11.4 is affected. watchOS before 4.3.1 is affected. The issue involves the &quot;FontParser&quot; component. It allows remote attackers to execute arbitrary code or cause a denial of service (memory corruption and application crash) via a crafted font file.
CVE-2018-4206,6.8,An issue was discovered in certain Apple products. iOS before 11.3.1 is affected. macOS before 10.13.4 Security Update 2018-001 is affected. tvOS before 11.4 is affected. watchOS before 4.3.1 is affected. The issue involves the &quot;Crash Reporter&quot; component. It allows attackers to execute arbitrary code or cause a denial of service (memory corruption) via a crafted app that replaces a privileged port name.
CVE-2018-4201,6.8,An issue was discovered in certain Apple products. iOS before 11.4 is affected. Safari before 11.1.1 is affected. iCloud before 7.5 on Windows is affected. iTunes before 12.7.5 on Windows is affected. tvOS before 11.4 is affected. watchOS before 4.3.1 is affected. The issue involves the &quot;WebKit&quot; component. It allows remote attackers to execute arbitrary code or cause a denial of service (memory corruption and application crash) via a crafted web site.
CVE-2018-4198,4.3,An issue was discovered in certain Apple products. iOS before 11.4 is affected. macOS before 10.13.5 is affected. tvOS before 11.4 is affected. watchOS before 4.3.1 is affected. The issue involves the &quot;UIKit&quot; component. It allows remote attackers to cause a denial of service via a crafted text file.
CVE-2018-4163,6.8,An issue was discovered in certain Apple products. iOS before 11.3 is affected. Safari before 11.1 is affected. iCloud before 7.4 on Windows is affected. iTunes before 12.7.4 on Windows is affected. tvOS before 11.3 is affected. watchOS before 4.3 is affected. The issue involves the &quot;WebKit&quot; component. It allows remote attackers to execute arbitrary code or cause a denial of service (memory corruption and application crash) via a crafted web site.
CVE-2018-4162,6.8,An issue was discovered in certain Apple products. iOS before 11.3 is affected. Safari before 11.1 is affected. iCloud before 7.4 on Windows is affected. iTunes before 12.7.4 on Windows is affected. tvOS before 11.3 is affected. watchOS before 4.3 is affected. The issue involves the &quot;WebKit&quot; component. It allows remote attackers to execute arbitrary code or cause a denial of service (memory corruption and application crash) via a crafted web site.
CVE-2018-4161,6.8,An issue was discovered in certain Apple products. iOS before 11.3 is affected. Safari before 11.1 is affected. iCloud before 7.4 on Windows is affected. iTunes before 12.7.4 on Windows is affected. tvOS before 11.3 is affected. watchOS before 4.3 is affected. The issue involves the &quot;WebKit&quot; component. It allows remote attackers to execute arbitrary code or cause a denial of service (memory corruption and application crash) via a crafted web site.
CVE-2018-4150,9.3,An issue was discovered in certain Apple products. iOS before 11.3 is affected. macOS before 10.13.4 is affected. tvOS before 11.3 is affected. watchOS before 4.3 is affected. The issue involves the &quot;Kernel&quot; component. It allows attackers to execute arbitrary code in a privileged context or cause a denial of service (memory corruption) via a crafted app.
CVE-2018-4146,4.3,An issue was discovered in certain Apple products. iOS before 11.3 is affected. Safari before 11.1 is affected. iCloud before 7.4 on Windows is affected. iTunes before 12.7.4 on Windows is affected. tvOS before 11.3 is affected. watchOS before 4.3 is affected. The issue involves the &quot;WebKit&quot; component. It allows attackers to cause a denial of service (memory corruption) via a crafted web site.
CVE-2018-4143,9.3,An issue was discovered in certain Apple products. iOS before 11.3 is affected. macOS before 10.13.4 is affected. tvOS before 11.3 is affected. watchOS before 4.3 is affected. The issue involves the &quot;Kernel&quot; component. It allows attackers to execute arbitrary code in a privileged context or cause a denial of service (memory corruption) via a crafted app.
CVE-2018-4142,5.0,An issue was discovered in certain Apple products. iOS before 11.3 is affected. macOS before 10.13.4 is affected. tvOS before 11.3 is affected. watchOS before 4.3 is affected. The issue involves the &quot;CoreText&quot; component. It allows remote attackers to cause a denial of service (application crash) via a crafted string.
CVE-2018-4129,6.8,An issue was discovered in certain Apple products. iOS before 11.3 is affected. Safari before 11.1 is affected. iCloud before 7.4 on Windows is affected. iTunes before 12.7.4 on Windows is affected. tvOS before 11.3 is affected. watchOS before 4.3 is affected. The issue involves the &quot;WebKit&quot; component. It allows remote attackers to execute arbitrary code or cause a denial of service (memory corruption and application crash) via a crafted web site.
CVE-2018-4125,6.8,An issue was discovered in certain Apple products. iOS before 11.3 is affected. Safari before 11.1 is affected. iCloud before 7.4 on Windows is affected. iTunes before 12.7.4 on Windows is affected. tvOS before 11.3 is affected. watchOS before 4.3 is affected. The issue involves the &quot;WebKit&quot; component. It allows remote attackers to execute arbitrary code or cause a denial of service (memory corruption and application crash) via a crafted web site.
CVE-2018-4124,9.0,An issue was discovered in certain Apple products. iOS before 11.2.6 is affected. macOS before 10.13.3 Supplemental Update is affected. tvOS before 11.2.6 is affected. watchOS before 4.2.3 is affected. The issue involves the &quot;CoreText&quot; component. It allows remote attackers to cause a denial of service (memory corruption and system crash) or possibly have unspecified other impact via a crafted string containing a certain Telugu character.
CVE-2018-4122,6.8,An issue was discovered in certain Apple products. iOS before 11.3 is affected. Safari before 11.1 is affected. iCloud before 7.4 on Windows is affected. iTunes before 12.7.4 on Windows is affected. tvOS before 11.3 is affected. watchOS before 4.3 is affected. The issue involves the &quot;WebKit&quot; component. It allows remote attackers to execute arbitrary code or cause a denial of service (memory corruption and application crash) via a crafted web site.
CVE-2018-4121,6.8,An issue was discovered in certain Apple products. iOS before 11.3 is affected. Safari before 11.1 is affected. iCloud before 7.4 on Windows is affected. iTunes before 12.7.4 on Windows is affected. tvOS before 11.3 is affected. watchOS before 4.3 is affected. The issue involves the &quot;WebKit&quot; component. It allows remote attackers to execute arbitrary code or cause a denial of service (memory corruption and application crash) via a crafted web site.
CVE-2018-4114,6.8,An issue was discovered in certain Apple products. iOS before 11.3 is affected. Safari before 11.1 is affected. iCloud before 7.4 on Windows is affected. iTunes before 12.7.4 on Windows is affected. tvOS before 11.3 is affected. watchOS before 4.3 is affected. The issue involves the &quot;WebKit&quot; component. It allows remote attackers to execute arbitrary code or cause a denial of service (memory corruption and application crash) via a crafted web site.
CVE-2018-4109,9.3,An issue was discovered in certain Apple products. iOS before 11.2.5 is affected. tvOS before 11.2.5 is affected. watchOS before 4.2.2 is affected. The issue involves the &quot;Graphics Driver&quot; component. It allows attackers to execute arbitrary code in a privileged context or cause a denial of service (memory corruption) via a crafted app.
CVE-2018-4100,5.0,An issue was discovered in certain Apple products. iOS before 11.2.5 is affected. macOS before 10.13.3 is affected. watchOS before 4.2.2 is affected. The issue involves the &quot;LinkPresentation&quot; component. It allows remote attackers to cause a denial of service (resource consumption) via a crafted text message.
CVE-2018-4096,6.8,An issue was discovered in certain Apple products. iOS before 11.2.5 is affected. macOS before 10.13.3 is affected. Safari before 11.0.3 is affected. iCloud before 7.3 on Windows is affected. iTunes before 12.7.3 on Windows is affected. tvOS before 11.2.5 is affected. watchOS before 4.2.2 is affected. The issue involves the &quot;WebKit&quot; component. It allows remote attackers to execute arbitrary code or cause a denial of service (memory corruption and application crash) via a crafted web site.
CVE-2018-4095,9.3,An issue was discovered in certain Apple products. iOS before 11.2.5 is affected. tvOS before 11.2.5 is affected. watchOS before 4.2.2 is affected. The issue involves the &quot;Core Bluetooth&quot; component. It allows attackers to execute arbitrary code in a privileged context or cause a denial of service (memory corruption) via a crafted app.
CVE-2018-4094,6.8,An issue was discovered in certain Apple products. iOS before 11.2.5 is affected. macOS before 10.13.3 is affected. tvOS before 11.2.5 is affected. watchOS before 4.2.2 is affected. The issue involves the &quot;Audio&quot; component. It allows remote attackers to execute arbitrary code or cause a denial of service (memory corruption and application crash) via a crafted audio file.
CVE-2018-4088,6.8,An issue was discovered in certain Apple products. iOS before 11.2.5 is affected. macOS before 10.13.3 is affected. Safari before 11.0.3 is affected. iCloud before 7.3 on Windows is affected. iTunes before 12.7.3 on Windows is affected. tvOS before 11.2.5 is affected. watchOS before 4.2.2 is affected. The issue involves the &quot;WebKit&quot; component. It allows remote attackers to execute arbitrary code or cause a denial of service (memory corruption and application crash) via a crafted web site.
CVE-2018-4087,9.3,An issue was discovered in certain Apple products. iOS before 11.2.5 is affected. tvOS before 11.2.5 is affected. watchOS before 4.2.2 is affected. The issue involves the &quot;Core Bluetooth&quot; component. It allows attackers to execute arbitrary code in a privileged context or cause a denial of service (memory corruption) via a crafted app.
CVE-2018-4085,6.8,An issue was discovered in certain Apple products. iOS before 11.2.5 is affected. macOS before 10.13.3 is affected. tvOS before 11.2.5 is affected. watchOS before 4.2.2 is affected. The issue involves the &quot;QuartzCore&quot; component. It allows remote attackers to execute arbitrary code or cause a denial of service (memory corruption and application crash) via a crafted web site.
CVE-2018-4082,9.3,An issue was discovered in certain Apple products. iOS before 11.2.5 is affected. macOS before 10.13.3 is affected. tvOS before 11.2.5 is affected. watchOS before 4.2.2 is affected. The issue involves the &quot;Kernel&quot; component. It allows attackers to execute arbitrary code in a privileged context or cause a denial of service (memory corruption) via a crafted app.
CVE-2017-13904,9.3,An issue was discovered in certain Apple products. iOS before 11.2 is affected. macOS before 10.13.2 is affected. tvOS before 11.2 is affected. watchOS before 4.2 is affected. The issue involves the &quot;Kernel&quot; component. It allows attackers to execute arbitrary code in a privileged context or cause a denial of service (memory corruption) via a crafted app.
CVE-2017-13884,6.8,An issue was discovered in certain Apple products. iOS before 11.2 is affected. Safari before 11.0.2 is affected. iCloud before 7.2 on Windows is affected. iTunes before 12.7.2 on Windows is affected. tvOS before 11.2 is affected. watchOS before 4.2 is affected. The issue involves the &quot;WebKit&quot; component. It allows remote attackers to execute arbitrary code or cause a denial of service (memory corruption and application crash) via a crafted web site.
CVE-2017-13876,9.3,An issue was discovered in certain Apple products. iOS before 11.2 is affected. macOS before 10.13.2 is affected. tvOS before 11.2 is affected. watchOS before 4.2 is affected. The issue involves the &quot;Kernel&quot; component. It allows attackers to execute arbitrary code in a privileged context or cause a denial of service (memory corruption) via a crafted app.
CVE-2017-13867,9.3,An issue was discovered in certain Apple products. iOS before 11.2 is affected. macOS before 10.13.2 is affected. tvOS before 11.2 is affected. watchOS before 4.2 is affected. The issue involves the &quot;Kernel&quot; component. It allows attackers to execute arbitrary code in a privileged context or cause a denial of service (memory corruption) via a crafted app.
CVE-2017-13862,9.3,An issue was discovered in certain Apple products. iOS before 11.2 is affected. macOS before 10.13.2 is affected. tvOS before 11.2 is affected. watchOS before 4.2 is affected. The issue involves the &quot;Kernel&quot; component. It allows attackers to execute arbitrary code in a privileged context or cause a denial of service (memory corruption) via a crafted app.
CVE-2017-13861,9.3,An issue was discovered in certain Apple products. iOS before 11.2 is affected. tvOS before 11.2 is affected. watchOS before 4.2 is affected. The issue involves the &quot;IOSurface&quot; component. It allows attackers to execute arbitrary code in a privileged context or cause a denial of service (memory corruption) via a crafted app.
CVE-2017-13854,9.3,An issue was discovered in certain Apple products. iOS before 11 is affected. macOS before 10.13 is affected. tvOS before 11 is affected. watchOS before 4 is affected. The issue involves the &quot;Kernel&quot; component. It allows attackers to execute arbitrary code in a privileged context or cause a denial of service (memory corruption) via a crafted app.
CVE-2017-13849,4.3,An issue was discovered in certain Apple products. iOS before 11.1 is affected. tvOS before 11.1 is affected. watchOS before 4.1 is affected. The issue involves the &quot;CoreText&quot; component. It allows remote attackers to cause a denial of service (application crash) via a crafted text file.
CVE-2017-13799,9.3,An issue was discovered in certain Apple products. iOS before 11.1 is affected. macOS before 10.13.1 is affected. tvOS before 11.1 is affected. watchOS before 4.1 is affected. The issue involves the &quot;Kernel&quot; component. It allows attackers to execute arbitrary code in a privileged context or cause a denial of service (memory corruption) via a crafted app.
CVE-2017-7172,9.3,An issue was discovered in certain Apple products. iOS before 11.2 is affected. macOS before 10.13.2 is affected. iCloud before 7.2 on Windows is affected. iTunes before 12.7.2 on Windows is affected. tvOS before 11.2 is affected. watchOS before 4.2 is affected. The issue involves the &quot;CFNetwork Session&quot; component. It allows attackers to execute arbitrary code in a privileged context or cause a denial of service (memory corruption) via a crafted app.
CVE-2017-7171,9.3,An issue was discovered in certain Apple products. iOS before 11.2 is affected. macOS before 10.13.2 is affected. tvOS before 11.2 is affected. watchOS before 4.2 is affected. The issue involves the &quot;CoreAnimation&quot; component. It allows attackers to execute arbitrary code in a privileged context or cause a denial of service (memory corruption) via a crafted app.
CVE-2017-7165,6.8,An issue was discovered in certain Apple products. iOS before 11.2 is affected. Safari before 11.0.2 is affected. iCloud before 7.2 on Windows is affected. iTunes before 12.7.2 on Windows is affected. tvOS before 11.2 is affected. watchOS before 4.2 is affected. The issue involves the &quot;WebKit&quot; component. It allows remote attackers to execute arbitrary code or cause a denial of service (memory corruption and application crash) via a crafted web site.
CVE-2017-7162,9.3,An issue was discovered in certain Apple products. iOS before 11.2 is affected. macOS before 10.13.2 is affected. tvOS before 11.2 is affected. watchOS before 4.2 is affected. The issue involves the &quot;IOKit&quot; component. It allows attackers to execute arbitrary code in a privileged context or cause a denial of service (memory corruption) via a crafted app.
CVE-2017-7130,7.5,An issue was discovered in certain Apple products. iOS before 11 is affected. macOS before 10.13 is affected. tvOS before 11 is affected. watchOS before 4 is affected. The issue involves the third-party &quot;SQLite&quot; product. Versions before 3.19.3 allow remote attackers to cause a denial of service (application crash) or possibly have unspecified other impact.
CVE-2017-7129,7.5,An issue was discovered in certain Apple products. iOS before 11 is affected. macOS before 10.13 is affected. tvOS before 11 is affected. watchOS before 4 is affected. The issue involves the third-party &quot;SQLite&quot; product. Versions before 3.19.3 allow remote attackers to cause a denial of service (application crash) or possibly have unspecified other impact.
CVE-2017-7128,7.5,An issue was discovered in certain Apple products. iOS before 11 is affected. macOS before 10.13 is affected. tvOS before 11 is affected. watchOS before 4 is affected. The issue involves the third-party &quot;SQLite&quot; product. Versions before 3.19.3 allow remote attackers to cause a denial of service (application crash) or possibly have unspecified other impact.
CVE-2017-7127,9.3,An issue was discovered in certain Apple products. iOS before 11 is affected. macOS before 10.13 is affected. iCloud before 7.0 on Windows is affected. tvOS before 11 is affected. watchOS before 4 is affected. The issue involves the &quot;SQLite&quot; component. It allows attackers to execute arbitrary code in a privileged context or cause a denial of service (memory corruption) via a crafted app.
CVE-2017-7114,9.3,An issue was discovered in certain Apple products. iOS before 11 is affected. macOS before 10.13 is affected. tvOS before 11 is affected. watchOS before 4 is affected. The issue involves the &quot;Kernel&quot; component. It allows attackers to execute arbitrary code in a privileged context or cause a denial of service (memory corruption) via a crafted app.
CVE-2017-7112,10.0,An issue was discovered in certain Apple products. iOS before 11 is affected. tvOS before 11 is affected. watchOS before 4 is affected. The issue involves the &quot;Wi-Fi&quot; component. It might allow remote attackers to execute arbitrary code in a privileged context or cause a denial of service (memory corruption) via crafted Wi-Fi traffic.
CVE-2017-7110,10.0,An issue was discovered in certain Apple products. iOS before 11 is affected. tvOS before 11 is affected. watchOS before 4 is affected. The issue involves the &quot;Wi-Fi&quot; component. It might allow remote attackers to execute arbitrary code in a privileged context or cause a denial of service (memory corruption) via crafted Wi-Fi traffic.
CVE-2017-7108,10.0,An issue was discovered in certain Apple products. iOS before 11 is affected. tvOS before 11 is affected. watchOS before 4 is affected. The issue involves the &quot;Wi-Fi&quot; component. It might allow remote attackers to execute arbitrary code in a privileged context or cause a denial of service (memory corruption) via crafted Wi-Fi traffic.
CVE-2017-7105,10.0,An issue was discovered in certain Apple products. iOS before 11 is affected. tvOS before 11 is affected. watchOS before 4 is affected. The issue involves the &quot;Wi-Fi&quot; component. It might allow remote attackers to execute arbitrary code in a privileged context or cause a denial of service (memory corruption) via crafted Wi-Fi traffic.
CVE-2017-7103,7.5,An issue was discovered in certain Apple products. iOS before 11 is affected. tvOS before 11 is affected. watchOS before 4 is affected. The issue involves the &quot;Wi-Fi&quot; component. It might allow remote attackers to execute arbitrary code in a privileged context or cause a denial of service (memory corruption) via crafted Wi-Fi traffic.
CVE-2017-7086,7.8,An issue was discovered in certain Apple products. iOS before 11 is affected. macOS before 10.13 is affected. tvOS before 11 is affected. watchOS before 4 is affected. The issue involves the &quot;libc&quot; component. It allows remote attackers to cause a denial of service (resource consumption) via a crafted string that is mishandled by the glob function.
CVE-2017-7083,4.0,An issue was discovered in certain Apple products. iOS before 11 is affected. macOS before 10.13 is affected. tvOS before 11 is affected. watchOS before 4 is affected. The issue involves the &quot;CFNetwork Proxies&quot; component. It allows remote attackers to cause a denial of service.
CVE-2017-7069,9.3,An issue was discovered in certain Apple products. iOS before 10.3.3 is affected. macOS before 10.12.6 is affected. tvOS before 10.2.2 is affected. watchOS before 3.2.3 is affected. The issue involves the &quot;Kernel&quot; component. It allows attackers to execute arbitrary code in a privileged context or cause a denial of service (memory corruption) via a crafted app.
CVE-2017-7068,6.8,An issue was discovered in certain Apple products. iOS before 10.3.3 is affected. macOS before 10.12.6 is affected. tvOS before 10.2.2 is affected. watchOS before 3.2.3 is affected. The issue involves the &quot;libarchive&quot; component. It allows remote attackers to execute arbitrary code or cause a denial of service (buffer overflow and application crash) via a crafted archive file.
CVE-2017-7063,5.0,An issue was discovered in certain Apple products. iOS before 10.3.3 is affected. watchOS before 3.2.3 is affected. The issue involves the &quot;Messages&quot; component. It allows remote attackers to cause a denial of service (memory consumption and application crash).
CVE-2017-7062,7.5,An issue was discovered in certain Apple products. iOS before 10.3.3 is affected. macOS before 10.12.6 is affected. tvOS before 10.2.2 is affected. watchOS before 3.2.3 is affected. The issue involves the &quot;Contacts&quot; component. A buffer overflow allows remote attackers to execute arbitrary code or cause a denial of service (application crash).
CVE-2017-7047,6.8,An issue was discovered in certain Apple products. iOS before 10.3.3 is affected. macOS before 10.12.6 is affected. tvOS before 10.2.2 is affected. watchOS before 3.2.3 is affected. The issue involves the &quot;libxpc&quot; component. It allows attackers to execute arbitrary code in a privileged context or cause a denial of service (memory corruption) via a crafted app.
CVE-2017-7027,9.3,An issue was discovered in certain Apple products. iOS before 10.3.3 is affected. macOS before 10.12.6 is affected. tvOS before 10.2.2 is affected. watchOS before 3.2.3 is affected. The issue involves the &quot;Kernel&quot; component. It allows attackers to execute arbitrary code in a privileged context or cause a denial of service (memory corruption) via a crafted app.
CVE-2017-7026,9.3,An issue was discovered in certain Apple products. iOS before 10.3.3 is affected. macOS before 10.12.6 is affected. tvOS before 10.2.2 is affected. watchOS before 3.2.3 is affected. The issue involves the &quot;Kernel&quot; component. It allows attackers to execute arbitrary code in a privileged context or cause a denial of service (memory corruption) via a crafted app.
CVE-2017-7013,6.8,An issue was discovered in certain Apple products. iOS before 10.3.3 is affected. macOS before 10.12.6 is affected. iCloud before 6.2.2 on Windows is affected. iTunes before 12.6.2 on Windows is affected. tvOS before 10.2.2 is affected. watchOS before 3.2.3 is affected. The issue involves the &quot;libxml2&quot; component. It allows remote attackers to obtain sensitive information or cause a denial of service (out-of-bounds read and application crash) via a crafted XML file.
CVE-2017-7009,9.3,An issue was discovered in certain Apple products. iOS before 10.3.3 is affected. macOS before 10.12.6 is affected. tvOS before 10.2.2 is affected. watchOS before 3.2.3 is affected. The issue involves the &quot;IOUSBFamily&quot; component. It allows attackers to execute arbitrary code in a privileged context or cause a denial of service (memory corruption) via a crafted app.
CVE-2017-7003,4.3,An issue was discovered in certain Apple products. iOS before 10.3.2 is affected. macOS before 10.12.5 is affected. tvOS before 10.2.1 is affected. watchOS before 3.2.2 is affected. The issue involves the &quot;CoreText&quot; component. It allows remote attackers to cause a denial of service (application crash) via a crafted file.
CVE-2017-6999,9.3,An issue was discovered in certain Apple products. iOS before 10.3.2 is affected. tvOS before 10.2.1 is affected. watchOS before 3.2.2 is affected. The issue involves the &quot;AVEVideoEncoder&quot; component. It allows attackers to execute arbitrary code in a privileged context or cause a denial of service (memory corruption) via a crafted app.
CVE-2017-6998,9.3,An issue was discovered in certain Apple products. iOS before 10.3.2 is affected. tvOS before 10.2.1 is affected. watchOS before 3.2.2 is affected. The issue involves the &quot;AVEVideoEncoder&quot; component. It allows attackers to execute arbitrary code in a privileged context or cause a denial of service (memory corruption) via a crafted app.
CVE-2017-6997,9.3,An issue was discovered in certain Apple products. iOS before 10.3.2 is affected. tvOS before 10.2.1 is affected. watchOS before 3.2.2 is affected. The issue involves the &quot;AVEVideoEncoder&quot; component. It allows attackers to execute arbitrary code in a privileged context or cause a denial of service (memory corruption) via a crafted app.
CVE-2017-6996,9.3,An issue was discovered in certain Apple products. iOS before 10.3.2 is affected. tvOS before 10.2.1 is affected. watchOS before 3.2.2 is affected. The issue involves the &quot;AVEVideoEncoder&quot; component. It allows attackers to execute arbitrary code in a privileged context or cause a denial of service (memory corruption) via a crafted app.
CVE-2017-6995,9.3,An issue was discovered in certain Apple products. iOS before 10.3.2 is affected. tvOS before 10.2.1 is affected. watchOS before 3.2.2 is affected. The issue involves the &quot;AVEVideoEncoder&quot; component. It allows attackers to execute arbitrary code in a privileged context or cause a denial of service (memory corruption) via a crafted app.
CVE-2017-6994,9.3,An issue was discovered in certain Apple products. iOS before 10.3.2 is affected. tvOS before 10.2.1 is affected. watchOS before 3.2.2 is affected. The issue involves the &quot;AVEVideoEncoder&quot; component. It allows attackers to execute arbitrary code in a privileged context or cause a denial of service (memory corruption) via a crafted app.
CVE-2017-6989,9.3,An issue was discovered in certain Apple products. iOS before 10.3.2 is affected. tvOS before 10.2.1 is affected. watchOS before 3.2.2 is affected. The issue involves the &quot;AVEVideoEncoder&quot; component. It allows attackers to execute arbitrary code in a privileged context or cause a denial of service (memory corruption) via a crafted app.
CVE-2017-2524,7.5,An issue was discovered in certain Apple products. iOS before 10.3.2 is affected. macOS before 10.12.5 is affected. tvOS before 10.2.1 is affected. watchOS before 3.2.2 is affected. The issue involves the &quot;TextInput&quot; component. It allows remote attackers to execute arbitrary code or cause a denial of service (memory corruption and application crash) via crafted data.
CVE-2017-2523,7.5,An issue was discovered in certain Apple products. iOS before 10.3.2 is affected. macOS before 10.12.5 is affected. tvOS before 10.2.1 is affected. watchOS before 3.2.2 is affected. The issue involves the &quot;Foundation&quot; component. It allows remote attackers to execute arbitrary code or cause a denial of service (memory corruption and application crash) via crafted data.
CVE-2017-2522,7.5,An issue was discovered in certain Apple products. iOS before 10.3.2 is affected. macOS before 10.12.5 is affected. tvOS before 10.2.1 is affected. watchOS before 3.2.2 is affected. The issue involves the &quot;CoreFoundation&quot; component. It allows remote attackers to execute arbitrary code or cause a denial of service (memory corruption and application crash) via crafted data.
CVE-2017-2521,6.8,An issue was discovered in certain Apple products. iOS before 10.3.2 is affected. Safari before 10.1.1 is affected. tvOS before 10.2.1 is affected. watchOS before 3.2.2 is affected. The issue involves the &quot;WebKit&quot; component. It allows remote attackers to execute arbitrary code or cause a denial of service (memory corruption and application crash) via a crafted web site.
CVE-2017-2520,7.5,An issue was discovered in certain Apple products. iOS before 10.3.2 is affected. macOS before 10.12.5 is affected. tvOS before 10.2.1 is affected. watchOS before 3.2.2 is affected. The issue involves the &quot;SQLite&quot; component. It allows remote attackers to execute arbitrary code or cause a denial of service (buffer overflow and application crash) via a crafted SQL statement.
CVE-2017-2519,7.5,An issue was discovered in certain Apple products. iOS before 10.3.2 is affected. macOS before 10.12.5 is affected. tvOS before 10.2.1 is affected. watchOS before 3.2.2 is affected. The issue involves the &quot;SQLite&quot; component. It allows remote attackers to execute arbitrary code or cause a denial of service (memory corruption and application crash) via a crafted SQL statement.
CVE-2017-2518,7.5,An issue was discovered in certain Apple products. iOS before 10.3.2 is affected. macOS before 10.12.5 is affected. tvOS before 10.2.1 is affected. watchOS before 3.2.2 is affected. The issue involves the &quot;SQLite&quot; component. It allows remote attackers to execute arbitrary code or cause a denial of service (buffer overflow and application crash) via a crafted SQL statement.
CVE-2017-2513,7.5,An issue was discovered in certain Apple products. iOS before 10.3.2 is affected. macOS before 10.12.5 is affected. tvOS before 10.2.1 is affected. watchOS before 3.2.2 is affected. The issue involves the &quot;SQLite&quot; component. A use-after-free vulnerability allows remote attackers to execute arbitrary code or cause a denial of service (application crash) via a crafted SQL statement.
CVE-2017-2490,9.3,An issue was discovered in certain Apple products. iOS before 10.3 is affected. macOS before 10.12.4 is affected. tvOS before 10.2 is affected. watchOS before 3.2 is affected. The issue involves the &quot;Kernel&quot; component. It allows attackers to execute arbitrary code in a privileged context or cause a denial of service (memory corruption) via a crafted app.
CVE-2017-2487,6.8,An issue was discovered in certain Apple products. iOS before 10.3 is affected. macOS before 10.12.4 is affected. tvOS before 10.2 is affected. watchOS before 3.2 is affected. The issue involves the &quot;FontParser&quot; component. It allows remote attackers to execute arbitrary code or cause a denial of service (memory corruption and application crash) via a crafted font file.
CVE-2017-2485,9.3,An issue was discovered in certain Apple products. iOS before 10.3 is affected. macOS before 10.12.4 is affected. tvOS before 10.2 is affected. watchOS before 3.2 is affected. The issue involves the &quot;Security&quot; component. It allows remote attackers to execute arbitrary code or cause a denial of service (memory corruption and application crash) via a crafted X.509 certificate file.
CVE-2017-2473,9.3,An issue was discovered in certain Apple products. iOS before 10.3 is affected. macOS before 10.12.4 is affected. tvOS before 10.2 is affected. watchOS before 3.2 is affected. The issue involves the &quot;Kernel&quot; component. It allows attackers to execute arbitrary code in a privileged context or cause a denial of service (memory corruption) via a crafted app.
CVE-2017-2472,9.3,An issue was discovered in certain Apple products. iOS before 10.3 is affected. macOS before 10.12.4 is affected. tvOS before 10.2 is affected. watchOS before 3.2 is affected. The issue involves the &quot;Kernel&quot; component. It allows attackers to execute arbitrary code in a privileged context or cause a denial of service (use-after-free) via a crafted app.
CVE-2017-2467,6.8,An issue was discovered in certain Apple products. iOS before 10.3 is affected. macOS before 10.12.4 is affected. tvOS before 10.2 is affected. watchOS before 3.2 is affected. The issue involves the &quot;ImageIO&quot; component. It allows remote attackers to execute arbitrary code or cause a denial of service (memory corruption and application crash) via a crafted file.
CVE-2017-2462,6.8,An issue was discovered in certain Apple products. iOS before 10.3 is affected. macOS before 10.12.4 is affected. tvOS before 10.2 is affected. watchOS before 3.2 is affected. The issue involves the &quot;Audio&quot; component. It allows remote attackers to execute arbitrary code or cause a denial of service (memory corruption and application crash) via a crafted audio file.
CVE-2017-2461,5.0,An issue was discovered in certain Apple products. iOS before 10.3 is affected. macOS before 10.12.4 is affected. tvOS before 10.2 is affected. watchOS before 3.2 is affected. The issue involves the &quot;CoreText&quot; component. It allows remote attackers to cause a denial of service (resource consumption) via a crafted text message.
CVE-2017-2451,9.3,An issue was discovered in certain Apple products. iOS before 10.3 is affected. macOS before 10.12.4 is affected. tvOS before 10.2 is affected. watchOS before 3.2 is affected. The issue involves the &quot;Security&quot; component. It allows attackers to execute arbitrary code in a privileged context or cause a denial of service (buffer overflow) via a crafted app.
CVE-2017-2450,5.8,An issue was discovered in certain Apple products. iOS before 10.3 is affected. macOS before 10.12.4 is affected. tvOS before 10.2 is affected. watchOS before 3.2 is affected. The issue involves the &quot;CoreText&quot; component. It allows remote attackers to obtain sensitive information or cause a denial of service (out-of-bounds read and application crash) via a crafted font file.
CVE-2017-2444,6.8,An issue was discovered in certain Apple products. iOS before 10.3 is affected. Safari before 10.1 is affected. tvOS before 10.2 is affected. watchOS before 3.2 is affected. The issue involves the &quot;CoreGraphics&quot; component. It allows remote attackers to execute arbitrary code or cause a denial of service (memory corruption and application crash) via a crafted web site.
CVE-2017-2440,9.3,An issue was discovered in certain Apple products. iOS before 10.3 is affected. macOS before 10.12.4 is affected. tvOS before 10.2 is affected. watchOS before 3.2 is affected. The issue involves the &quot;Kernel&quot; component. It allows attackers to execute arbitrary code in a privileged context or cause a denial of service (integer overflow) via a crafted app.
CVE-2017-2439,5.8,An issue was discovered in certain Apple products. iOS before 10.3 is affected. macOS before 10.12.4 is affected. tvOS before 10.2 is affected. watchOS before 3.2 is affected. The issue involves the &quot;FontParser&quot; component. It allows remote attackers to obtain sensitive information or cause a denial of service (out-of-bounds read and application crash) via a crafted font file.
CVE-2017-2435,6.8,An issue was discovered in certain Apple products. iOS before 10.3 is affected. macOS before 10.12.4 is affected. tvOS before 10.2 is affected. watchOS before 3.2 is affected. The issue involves the &quot;CoreText&quot; component. It allows remote attackers to execute arbitrary code or cause a denial of service (memory corruption and application crash) via a crafted font file.
CVE-2017-2432,6.8,An issue was discovered in certain Apple products. iOS before 10.3 is affected. macOS before 10.12.4 is affected. tvOS before 10.2 is affected. watchOS before 3.2 is affected. The issue involves the &quot;ImageIO&quot; component. It allows remote attackers to execute arbitrary code or cause a denial of service (memory corruption and application crash) via a crafted JPEG file.
CVE-2017-2430,6.8,An issue was discovered in certain Apple products. iOS before 10.3 is affected. macOS before 10.12.4 is affected. tvOS before 10.2 is affected. watchOS before 3.2 is affected. The issue involves the &quot;Audio&quot; component. It allows remote attackers to execute arbitrary code or cause a denial of service (memory corruption and application crash) via a crafted audio file.
CVE-2017-2417,4.3,An issue was discovered in certain Apple products. iOS before 10.3 is affected. macOS before 10.12.4 is affected. tvOS before 10.2 is affected. watchOS before 3.2 is affected. The issue involves the &quot;CoreGraphics&quot; component. It allows remote attackers to cause a denial of service (infinite recursion) via a crafted image.
CVE-2017-2416,6.8,An issue was discovered in certain Apple products. iOS before 10.3 is affected. macOS before 10.12.4 is affected. tvOS before 10.2 is affected. watchOS before 3.2 is affected. The issue involves the &quot;ImageIO&quot; component. It allows remote attackers to execute arbitrary code or cause a denial of service (memory corruption and application crash) via a crafted image file.
CVE-2017-2407,6.8,An issue was discovered in certain Apple products. iOS before 10.3 is affected. macOS before 10.12.4 is affected. tvOS before 10.2 is affected. watchOS before 3.2 is affected. The issue involves the &quot;FontParser&quot; component. It allows remote attackers to execute arbitrary code or cause a denial of service (memory corruption and application crash) via a crafted font file.
CVE-2017-2406,6.8,An issue was discovered in certain Apple products. iOS before 10.3 is affected. macOS before 10.12.4 is affected. tvOS before 10.2 is affected. watchOS before 3.2 is affected. The issue involves the &quot;FontParser&quot; component. It allows remote attackers to execute arbitrary code or cause a denial of service (memory corruption and application crash) via a crafted font file.
CVE-2017-2401,9.3,An issue was discovered in certain Apple products. iOS before 10.3 is affected. macOS before 10.12.4 is affected. tvOS before 10.2 is affected. watchOS before 3.2 is affected. The issue involves the &quot;Kernel&quot; component. It allows attackers to execute arbitrary code in a privileged context or cause a denial of service (memory corruption) via a crafted app.
CVE-2017-2379,6.8,An issue was discovered in certain Apple products. iOS before 10.3 is affected. macOS before 10.12.4 is affected. tvOS before 10.2 is affected. watchOS before 3.2 is affected. The issue involves the &quot;Carbon&quot; component. It allows remote attackers to execute arbitrary code or cause a denial of service (buffer overflow and application crash) via a crafted .dfont file.
CVE-2017-2370,9.3,An issue was discovered in certain Apple products. iOS before 10.2.1 is affected. macOS before 10.12.3 is affected. tvOS before 10.1.1 is affected. watchOS before 3.1.3 is affected. The issue involves the &quot;Kernel&quot; component. It allows attackers to execute arbitrary code in a privileged context or cause a denial of service (buffer overflow) via a crafted app.
CVE-2017-2360,9.3,An issue was discovered in certain Apple products. iOS before 10.2.1 is affected. macOS before 10.12.3 is affected. tvOS before 10.1.1 is affected. watchOS before 3.1.3 is affected. The issue involves the &quot;Kernel&quot; component. It allows attackers to execute arbitrary code in a privileged context or cause a denial of service (use-after-free) via a crafted app.
CVE-2016-7663,7.5,An issue was discovered in certain Apple products. iOS before 10.2 is affected. macOS before 10.12.2 is affected. watchOS before 3.1.3 is affected. The issue involves the &quot;CoreFoundation&quot; component. It allows remote attackers to execute arbitrary code or cause a denial of service (memory corruption and application crash) via a crafted string.
CVE-2016-7659,6.8,An issue was discovered in certain Apple products. iOS before 10.2 is affected. macOS before 10.12.2 is affected. watchOS before 3.1.3 is affected. The issue involves the &quot;Audio&quot; component. It allows remote attackers to execute arbitrary code or cause a denial of service (memory corruption and application crash) via a crafted file.
CVE-2016-7658,6.8,An issue was discovered in certain Apple products. iOS before 10.2 is affected. macOS before 10.12.2 is affected. watchOS before 3.1.3 is affected. The issue involves the &quot;Audio&quot; component. It allows remote attackers to execute arbitrary code or cause a denial of service (memory corruption and application crash) via a crafted file.
CVE-2016-7644,9.3,An issue was discovered in certain Apple products. iOS before 10.2 is affected. macOS before 10.12.2 is affected. watchOS before 3.1.3 is affected. The issue involves the &quot;Kernel&quot; component. It allows attackers to execute arbitrary code in a privileged context or cause a denial of service (use-after-free) via a crafted app.
CVE-2016-7643,5.8,An issue was discovered in certain Apple products. iOS before 10.2 is affected. macOS before 10.12.2 is affected. watchOS before 3.1.3 is affected. The issue involves the &quot;ImageIO&quot; component. It allows remote attackers to obtain sensitive information from process memory or cause a denial of service (out-of-bounds read and application crash) via a crafted web site.
CVE-2016-7637,7.2,An issue was discovered in certain Apple products. iOS before 10.2 is affected. macOS before 10.12.2 is affected. watchOS before 3.1.3 is affected. The issue involves the &quot;Kernel&quot; component. It allows local users to gain privileges or cause a denial of service (memory corruption) via unspecified vectors.
CVE-2016-7636,4.3,"An issue was discovered in certain Apple products. iOS before 10.2 is affected. macOS before 10.12.2 is affected. watchOS before 3.1.3 is affected. The issue involves the &quot;Security&quot; component, which allows man-in-the-middle attackers to cause a denial of service (application crash) via vectors related to OCSP responder URLs."
CVE-2016-7627,4.3,An issue was discovered in certain Apple products. iOS before 10.2 is affected. macOS before 10.12.2 is affected. watchOS before 3.1.3 is affected. The issue involves the &quot;CoreGraphics&quot; component. It allows attackers to cause a denial of service (NULL pointer dereference and application crash) via a crafted font.
CVE-2016-7626,6.8,An issue was discovered in certain Apple products. iOS before 10.2 is affected. tvOS before 10.1 is affected. watchOS before 3.1.1 is affected. The issue involves the &quot;Profiles&quot; component. It allows remote attackers to execute arbitrary code or cause a denial of service (memory corruption and application crash) via a crafted certificate profile.
CVE-2016-7621,7.2,An issue was discovered in certain Apple products. iOS before 10.2 is affected. macOS before 10.12.2 is affected. watchOS before 3.1.3 is affected. The issue involves the &quot;Kernel&quot; component. It allows local users to execute arbitrary code in a privileged context or cause a denial of service (use-after-free) via unspecified vectors.
CVE-2016-7616,9.3,An issue was discovered in certain Apple products. iOS before 10.2 is affected. macOS before 10.12.2 is affected. watchOS before 3.1.3 is affected. The issue involves the &quot;Disk Images&quot; component. It allows attackers to execute arbitrary code in a privileged context or cause a denial of service (memory corruption) via a crafted app.
CVE-2016-7615,4.9,"An issue was discovered in certain Apple products. iOS before 10.2 is affected. macOS before 10.12.2 is affected. watchOS before 3.1.3 is affected. The issue involves the &quot;Kernel&quot; component, which allows local users to cause a denial of service via unspecified vectors."
CVE-2016-7612,9.3,An issue was discovered in certain Apple products. iOS before 10.2 is affected. macOS before 10.12.2 is affected. watchOS before 3.1.3 is affected. The issue involves the &quot;Kernel&quot; component. It allows attackers to execute arbitrary code in a privileged context or cause a denial of service (memory corruption) via a crafted app.
CVE-2016-7606,9.3,An issue was discovered in certain Apple products. iOS before 10.2 is affected. macOS before 10.12.2 is affected. watchOS before 3.1.3 is affected. The issue involves the &quot;Kernel&quot; component. It allows attackers to execute arbitrary code in a privileged context or cause a denial of service (memory corruption) via a crafted app.
CVE-2016-7595,6.8,An issue was discovered in certain Apple products. iOS before 10.2 is affected. macOS before 10.12.2 is affected. watchOS before 3.1.3 is affected. The issue involves the &quot;CoreText&quot; component. It allows remote attackers to execute arbitrary code or cause a denial of service (memory corruption and application crash) via a crafted font.
CVE-2016-7594,6.8,An issue was discovered in certain Apple products. iOS before 10.2 is affected. macOS before 10.12.2 is affected. watchOS before 3.1.3 is affected. The issue involves the &quot;ICU&quot; component. It allows remote attackers to execute arbitrary code or cause a denial of service (memory corruption and application crash) via a crafted web site.
CVE-2016-7591,9.3,An issue was discovered in certain Apple products. iOS before 10.2 is affected. macOS before 10.12.2 is affected. watchOS before 3.1.3 is affected. The issue involves the &quot;IOHIDFamily&quot; component. It allows attackers to execute arbitrary code in a privileged context or cause a denial of service (use-after-free) via a crafted app.
CVE-2016-7589,6.8,An issue was discovered in certain Apple products. iOS before 10.2 is affected. Safari before 10.0.2 is affected. iCloud before 6.1 is affected. iTunes before 12.5.4 is affected. watchOS before 3.1.3 is affected. The issue involves the &quot;WebKit&quot; component. It allows remote attackers to execute arbitrary code or cause a denial of service (memory corruption and application crash) via a crafted web site.
CVE-2016-7588,6.8,An issue was discovered in certain Apple products. iOS before 10.2 is affected. macOS before 10.12.2 is affected. watchOS before 3.1.3 is affected. The issue involves the &quot;CoreMedia Playback&quot; component. It allows remote attackers to execute arbitrary code or cause a denial of service (memory corruption and application crash) via a crafted MP4 file.
CVE-2016-5131,6.8,"Use-after-free vulnerability in libxml2 through 2.9.4, as used in Google Chrome before 52.0.2743.82, allows remote attackers to cause a denial of service or possibly have unspecified other impact via vectors related to the XPointer range-to function."
CVE-2016-4778,9.3,"The kernel in Apple iOS before 10, OS X before 10.12, tvOS before 10, and watchOS before 3 allows attackers to execute arbitrary code in a privileged context or cause a denial of service (memory corruption) via a crafted app."
CVE-2016-4777,9.3,"The kernel in Apple iOS before 10, OS X before 10.12, tvOS before 10, and watchOS before 3 allows attackers to execute arbitrary code in a privileged context or cause a denial of service (invalid pointer dereference) via a crafted app."
CVE-2016-4776,4.3,"The kernel in Apple iOS before 10, OS X before 10.12, tvOS before 10, and watchOS before 3 allows attackers to obtain sensitive memory-layout information or cause a denial of service (out-of-bounds read) via a crafted app, a different vulnerability than CVE-2016-4773 and CVE-2016-4774."
CVE-2016-4775,7.2,"The kernel in Apple OS X before 10.12, tvOS before 10, and watchOS before 3 allows local users to gain privileges or cause a denial of service (memory corruption) via unspecified vectors."
CVE-2016-4774,5.8,"The kernel in Apple iOS before 10, OS X before 10.12, tvOS before 10, and watchOS before 3 allows attackers to obtain sensitive memory-layout information or cause a denial of service (out-of-bounds read) via a crafted app, a different vulnerability than CVE-2016-4773 and CVE-2016-4776."
CVE-2016-4773,5.8,"The kernel in Apple iOS before 10, OS X before 10.12, tvOS before 10, and watchOS before 3 allows attackers to obtain sensitive memory-layout information or cause a denial of service (out-of-bounds read) via a crafted app, a different vulnerability than CVE-2016-4774 and CVE-2016-4776."
CVE-2016-4772,5.0,"The kernel in Apple iOS before 10, OS X before 10.12, tvOS before 10, and watchOS before 3 allows remote attackers to cause a denial of service (unintended lock) via unspecified vectors."
CVE-2016-4738,9.3,"libxslt in Apple iOS before 10, OS X before 10.12, tvOS before 10, and watchOS before 3 allows remote attackers to execute arbitrary code or cause a denial of service (memory corruption) via a crafted web site."
CVE-2016-4737,9.3,"WebKit in Apple iOS before 10, Safari before 10, tvOS before 10, and watchOS before 3 allows remote attackers to execute arbitrary code or cause a denial of service (memory corruption) via a crafted web site."
CVE-2016-4726,9.3,"IOAcceleratorFamily in Apple iOS before 10, OS X before 10.12, tvOS before 10, and watchOS before 3 allows attackers to execute arbitrary code in a privileged context or cause a denial of service (memory corruption) via a crafted app."
CVE-2016-4725,5.8,"IOAcceleratorFamily in Apple iOS before 10, OS X before 10.12, tvOS before 10, and watchOS before 3 allows remote attackers to obtain sensitive information from process memory or cause a denial of service (memory corruption) via a crafted web site."
CVE-2016-4712,9.3,"CoreCrypto in Apple iOS before 10, OS X before 10.12, tvOS before 10, and watchOS before 3 allows attackers to execute arbitrary code or cause a denial of service (out-of-bounds write) via a crafted app."
CVE-2016-4702,10.0,"Audio in Apple iOS before 10, OS X before 10.12, tvOS before 10, and watchOS before 3 allows remote attackers to execute arbitrary code or cause a denial of service (memory corruption) via unspecified vectors."
CVE-2016-4691,6.8,An issue was discovered in certain Apple products. iOS before 10.2 is affected. macOS before 10.12.2 is affected. watchOS before 3.1.3 is affected. The issue involves the &quot;FontParser&quot; component. It allows remote attackers to execute arbitrary code or cause a denial of service (memory corruption and application crash) via a crafted font.
CVE-2016-4688,6.8,An issue was discovered in certain Apple products. iOS before 10.1 is affected. macOS before 10.12.1 is affected. tvOS before 10.0.1 is affected. watchOS before 3.1 is affected. watchOS before 3.1.3 is affected. The issue involves the &quot;FontParser&quot; component. It allows remote attackers to execute arbitrary code or cause a denial of service (buffer overflow and application crash) via a crafted font.
CVE-2016-4673,6.8,An issue was discovered in certain Apple products. iOS before 10.1 is affected. macOS before 10.12.1 is affected. tvOS before 10.0.1 is affected. watchOS before 3.1 is affected. The issue involves the &quot;CoreGraphics&quot; component. It allows remote attackers to execute arbitrary code or cause a denial of service (memory corruption and application crash) via a crafted JPEG file.
CVE-2016-4669,7.2,An issue was discovered in certain Apple products. iOS before 10.1 is affected. macOS before 10.12.1 is affected. tvOS before 10.0.1 is affected. watchOS before 3.1 is affected. The issue involves the &quot;Kernel&quot; component. It allows local users to execute arbitrary code in a privileged context or cause a denial of service (MIG code mishandling and system crash) via unspecified vectors.
CVE-2016-4660,5.8,An issue was discovered in certain Apple products. iOS before 10.1 is affected. macOS before 10.12.1 is affected. tvOS before 10.0.1 is affected. watchOS before 3.1 is affected. The issue involves the &quot;FontParser&quot; component. It allows remote attackers to obtain sensitive information or cause a denial of service (out-of-bounds read and application crash) via a crafted font.
CVE-2016-4658,10.0,"xpointer.c in libxml2 before 2.9.5 (as used in Apple iOS before 10, OS X before 10.12, tvOS before 10, and watchOS before 3, and other products) does not forbid namespace nodes in XPointer ranges, which allows remote attackers to execute arbitrary code or cause a denial of service (use-after-free and memory corruption) via a crafted XML document."
CVE-2016-4653,7.2,"The kernel in Apple iOS before 9.3.3, OS X before 10.11.6, tvOS before 9.2.2, and watchOS before 2.2.2 allows local users to gain privileges or cause a denial of service (memory corruption) via unspecified vectors, a different vulnerability than CVE-2016-1863 and CVE-2016-4582."
CVE-2016-4637,6.8,"CoreGraphics in Apple iOS before 9.3.3, OS X before 10.11.6, tvOS before 9.2.2, and watchOS before 2.2.2 allows remote attackers to execute arbitrary code or cause a denial of service (memory corruption) via a crafted BMP image."
CVE-2016-4632,5.0,"ImageIO in Apple iOS before 9.3.3, OS X before 10.11.6, tvOS before 9.2.2, and watchOS before 2.2.2 allows remote attackers to cause a denial of service (memory consumption) via unspecified vectors."
CVE-2016-4631,6.8,"ImageIO in Apple iOS before 9.3.3, OS X before 10.11.6, tvOS before 9.2.2, and watchOS before 2.2.2 allows remote attackers to execute arbitrary code or cause a denial of service (memory corruption) via a crafted TIFF file."
CVE-2016-4628,4.9,IOAcceleratorFamily in Apple iOS before 9.3.3 and watchOS before 2.2.2 allows local users to obtain sensitive information from kernel memory or cause a denial of service (out-of-bounds read) via unspecified vectors.
CVE-2016-4627,7.2,"IOAcceleratorFamily in Apple iOS before 9.3.3, tvOS before 9.2.2, and watchOS before 2.2.2 allows local users to gain privileges or cause a denial of service (NULL pointer dereference) via unspecified vectors."
CVE-2016-4626,7.2,"IOHIDFamily in Apple iOS before 9.3.3, OS X before 10.11.6, tvOS before 9.2.2, and watchOS before 2.2.2 allows local users to gain privileges or cause a denial of service (NULL pointer dereference) via unspecified vectors."
CVE-2016-4609,7.5,"libxslt in Apple iOS before 9.3.3, OS X before 10.11.6, iTunes before 12.4.2 on Windows, iCloud before 5.2.1 on Windows, tvOS before 9.2.2, and watchOS before 2.2.2 allows remote attackers to cause a denial of service (memory corruption) or possibly have unspecified other impact via unknown vectors, a different vulnerability than CVE-2016-4607, CVE-2016-4608, CVE-2016-4610, and CVE-2016-4612."
CVE-2016-4607,7.5,"libxslt in Apple iOS before 9.3.3, OS X before 10.11.6, iTunes before 12.4.2 on Windows, iCloud before 5.2.1 on Windows, tvOS before 9.2.2, and watchOS before 2.2.2 allows remote attackers to cause a denial of service (memory corruption) or possibly have unspecified other impact via unknown vectors, a different vulnerability than CVE-2016-4608, CVE-2016-4609, CVE-2016-4610, and CVE-2016-4612."
CVE-2016-4582,7.2,"The kernel in Apple iOS before 9.3.3, OS X before 10.11.6, tvOS before 9.2.2, and watchOS before 2.2.2 allows local users to gain privileges or cause a denial of service (memory corruption) via unspecified vectors, a different vulnerability than CVE-2016-1863 and CVE-2016-4653."
CVE-2016-4447,5.0,"The xmlParseElementDecl function in parser.c in libxml2 before 2.9.4 allows context-dependent attackers to cause a denial of service (heap-based buffer underread and application crash) via a crafted file, involving xmlParseName."
CVE-2016-1865,4.9,"The kernel in Apple iOS before 9.3.3, OS X before 10.11.6, tvOS before 9.2.2, and watchOS before 2.2.2 allows local users to cause a denial of service (NULL pointer dereference) via unspecified vectors."
CVE-2016-1863,7.2,"The kernel in Apple iOS before 9.3.3, OS X before 10.11.6, tvOS before 9.2.2, and watchOS before 2.2.2 allows local users to gain privileges or cause a denial of service (memory corruption) via unspecified vectors, a different vulnerability than CVE-2016-4582 and CVE-2016-4653."
CVE-2016-1847,6.8,"OpenGL, as used in Apple iOS before 9.3.2, OS X before 10.11.5, tvOS before 9.2.1, and watchOS before 2.2.1, allows remote attackers to execute arbitrary code or cause a denial of service (memory corruption) via a crafted web site."
CVE-2016-1841,6.8,"libxslt, as used in Apple iOS before 9.3.2, OS X before 10.11.5, tvOS before 9.2.1, and watchOS before 2.2.1, allows remote attackers to execute arbitrary code or cause a denial of service (memory corruption) via a crafted web site."
CVE-2016-1840,6.8,"Heap-based buffer overflow in the xmlFAParsePosCharGroup function in libxml2 before 2.9.4, as used in Apple iOS before 9.3.2, OS X before 10.11.5, tvOS before 9.2.1, and watchOS before 2.2.1, allows remote attackers to execute arbitrary code or cause a denial of service (memory corruption) via a crafted XML document."
CVE-2016-1839,6.8,"The xmlDictAddString function in libxml2 before 2.9.4, as used in Apple iOS before 9.3.2, OS X before 10.11.5, tvOS before 9.2.1, and watchOS before 2.2.1, allows remote attackers to cause a denial of service (heap-based buffer over-read) via a crafted XML document."
CVE-2016-1838,6.8,"The xmlPArserPrintFileContextInternal function in libxml2 before 2.9.4, as used in Apple iOS before 9.3.2, OS X before 10.11.5, tvOS before 9.2.1, and watchOS before 2.2.1, allows remote attackers to cause a denial of service (heap-based buffer over-read) via a crafted XML document."
CVE-2016-1837,6.8,"Multiple use-after-free vulnerabilities in the (1) htmlPArsePubidLiteral and (2) htmlParseSystemiteral functions in libxml2 before 2.9.4, as used in Apple iOS before 9.3.2, OS X before 10.11.5, tvOS before 9.2.1, and watchOS before 2.2.1, allow remote attackers to cause a denial of service via a crafted XML document."
CVE-2016-1836,6.8,"Use-after-free vulnerability in the xmlDictComputeFastKey function in libxml2 before 2.9.4, as used in Apple iOS before 9.3.2, OS X before 10.11.5, tvOS before 9.2.1, and watchOS before 2.2.1, allows remote attackers to cause a denial of service via a crafted XML document."
CVE-2016-1834,6.8,"Heap-based buffer overflow in the xmlStrncat function in libxml2 before 2.9.4, as used in Apple iOS before 9.3.2, OS X before 10.11.5, tvOS before 9.2.1, and watchOS before 2.2.1, allows remote attackers to execute arbitrary code or cause a denial of service (memory corruption) via a crafted XML document."
CVE-2016-1833,6.8,"The htmlCurrentChar function in libxml2 before 2.9.4, as used in Apple iOS before 9.3.2, OS X before 10.11.5, tvOS before 9.2.1, and watchOS before 2.2.1, allows remote attackers to cause a denial of service (heap-based buffer over-read) via a crafted XML document."
CVE-2016-1832,4.6,"libc in Apple iOS before 9.3.2, OS X before 10.11.5, tvOS before 9.2.1, and watchOS before 2.2.1 allows local users to gain privileges or cause a denial of service (memory corruption) via unspecified vectors."
CVE-2016-1831,9.3,The kernel in Apple iOS before 9.3.2 and OS X before 10.11.5 allows attackers to execute arbitrary code in a privileged context or cause a denial of service (memory corruption) via a crafted app.
CVE-2016-1830,8.5,"The kernel in Apple iOS before 9.3.2, OS X before 10.11.5, tvOS before 9.2.1, and watchOS before 2.2.1 allows attackers to execute arbitrary code in a privileged context or cause a denial of service (memory corruption) via a crafted app, a different vulnerability than CVE-2016-1827, CVE-2016-1828, and CVE-2016-1829."
CVE-2016-1829,9.3,"The kernel in Apple iOS before 9.3.2, OS X before 10.11.5, tvOS before 9.2.1, and watchOS before 2.2.1 allows attackers to execute arbitrary code in a privileged context or cause a denial of service (memory corruption) via a crafted app, a different vulnerability than CVE-2016-1827, CVE-2016-1828, and CVE-2016-1830."
CVE-2016-1828,9.3,"The kernel in Apple iOS before 9.3.2, OS X before 10.11.5, tvOS before 9.2.1, and watchOS before 2.2.1 allows attackers to execute arbitrary code in a privileged context or cause a denial of service (memory corruption) via a crafted app, a different vulnerability than CVE-2016-1827, CVE-2016-1829, and CVE-2016-1830."
CVE-2016-1827,9.3,"The kernel in Apple iOS before 9.3.2, OS X before 10.11.5, tvOS before 9.2.1, and watchOS before 2.2.1 allows attackers to execute arbitrary code in a privileged context or cause a denial of service (memory corruption) via a crafted app, a different vulnerability than CVE-2016-1828, CVE-2016-1829, and CVE-2016-1830."
CVE-2016-1824,9.3,"IOHIDFamily in Apple iOS before 9.3.2, OS X before 10.11.5, tvOS before 9.2.1, and watchOS before 2.2.1 allows attackers to execute arbitrary code in a privileged context or cause a denial of service (memory corruption) via a crafted app, a different vulnerability than CVE-2016-1823."
CVE-2016-1823,9.3,"The IOHIDDevice::handleReportWithTime function in Apple iOS before 9.3.2, OS X before 10.11.5, tvOS before 9.2.1, and watchOS before 2.2.1 allows attackers to execute arbitrary code in a privileged context or cause a denial of service (out-of-bounds read and memory corruption) via a crafted IOHIDReportType enum, which triggers an incorrect cast, a different vulnerability than CVE-2016-1824."
CVE-2016-1819,9.3,"Use-after-free vulnerability in the IOAccelContext2::clientMemoryForType method in Apple iOS before 9.3.2, OS X before 10.11.5, tvOS before 9.2.1, and watchOS before 2.2.1 allows attackers to execute arbitrary code in a privileged context or cause a denial of service (memory corruption) via a crafted app, a different vulnerability than CVE-2016-1817 and CVE-2016-1818."
CVE-2016-1818,9.3,"IOAcceleratorFamily in Apple iOS before 9.3.2, OS X before 10.11.5, tvOS before 9.2.1, and watchOS before 2.2.1 allows attackers to execute arbitrary code in a privileged context or cause a denial of service (memory corruption) via a crafted app, a different vulnerability than CVE-2016-1817 and CVE-2016-1819."
CVE-2016-1817,9.3,"IOAcceleratorFamily in Apple iOS before 9.3.2, OS X before 10.11.5, tvOS before 9.2.1, and watchOS before 2.2.1 allows attackers to execute arbitrary code in a privileged context or cause a denial of service (memory corruption) via a crafted app, a different vulnerability than CVE-2016-1818 and CVE-2016-1819."
CVE-2016-1813,9.3,"The IOAccelSharedUserClient2::page_off_resource method in Apple iOS before 9.3.2, OS X before 10.11.5, tvOS before 9.2.1, and watchOS before 2.2.1 allows attackers to execute arbitrary code in a privileged context or cause a denial of service (NULL pointer dereference) via a crafted app."
CVE-2016-1811,5.0,"ImageIO in Apple iOS before 9.3.2, OS X before 10.11.5, tvOS before 9.2.1, and watchOS before 2.2.1 allows remote attackers to cause a denial of service (NULL pointer dereference) via a crafted image."
CVE-2016-1808,9.3,"The Disk Images subsystem in Apple iOS before 9.3.2, OS X before 10.11.5, tvOS before 9.2.1, and watchOS before 2.2.1 allows attackers to execute arbitrary code in a privileged context or cause a denial of service (memory corruption) via a crafted app."
CVE-2016-1803,9.3,"CoreCapture in Apple iOS before 9.3.2, OS X before 10.11.5, tvOS before 9.2.1, and watchOS before 2.2.1 allows attackers to execute arbitrary code in a privileged context or cause a denial of service (NULL pointer dereference) via a crafted app."
CVE-2016-1775,9.3,"TrueTypeScaler in Apple iOS before 9.3, OS X before 10.11.4, tvOS before 9.2, and watchOS before 2.2 allows remote attackers to execute arbitrary code or cause a denial of service (memory corruption) via a crafted font file."
CVE-2016-1762,10.0,The xmlNextChar function in libxml2 before 2.9.4 allows remote attackers to cause a denial of service (heap-based buffer over-read) via a crafted XML document.
CVE-2016-1761,10.0,"libxml2 in Apple iOS before 9.3, OS X before 10.11.4, and watchOS before 2.2 allows remote attackers to execute arbitrary code or cause a denial of service (memory corruption) via a crafted XML document."
CVE-2016-1755,9.3,"The kernel in Apple iOS before 9.3, OS X before 10.11.4, tvOS before 9.2, and watchOS before 2.2 allows attackers to execute arbitrary code in a privileged context or cause a denial of service (memory corruption) via a crafted app, a different vulnerability than CVE-2016-1754."
CVE-2016-1754,9.3,"The kernel in Apple iOS before 9.3, OS X before 10.11.4, tvOS before 9.2, and watchOS before 2.2 allows attackers to execute arbitrary code in a privileged context or cause a denial of service (memory corruption) via a crafted app, a different vulnerability than CVE-2016-1755."
CVE-2016-1752,9.3,"The kernel in Apple iOS before 9.3, OS X before 10.11.4, tvOS before 9.2, and watchOS before 2.2 allows attackers to cause a denial of service via a crafted app."
CVE-2016-1740,9.3,"FontParser in Apple iOS before 9.3, OS X before 10.11.4, tvOS before 9.2, and watchOS before 2.2 allows remote attackers to execute arbitrary code or cause a denial of service (memory corruption) via a crafted PDF document."
CVE-2016-1727,9.3,"WebKit, as used in Apple iOS before 9.2.1, Safari before 9.0.3, and tvOS before 9.1.1, allows remote attackers to execute arbitrary code or cause a denial of service (memory corruption) via a crafted web site, a different vulnerability than CVE-2016-1724."
CVE-2016-1726,9.3,"WebKit, as used in Apple iOS before 9.2.1 and Safari before 9.0.3, allows remote attackers to execute arbitrary code or cause a denial of service (memory corruption) via a crafted web site, a different vulnerability than CVE-2016-1723 and CVE-2016-1725."
CVE-2016-1725,9.3,"WebKit, as used in Apple iOS before 9.2.1 and Safari before 9.0.3, allows remote attackers to execute arbitrary code or cause a denial of service (memory corruption) via a crafted web site, a different vulnerability than CVE-2016-1723 and CVE-2016-1726."
CVE-2016-1724,9.3,"WebKit, as used in Apple iOS before 9.2.1, Safari before 9.0.3, and tvOS before 9.1.1, allows remote attackers to execute arbitrary code or cause a denial of service (memory corruption) via a crafted web site, a different vulnerability than CVE-2016-1727."
CVE-2016-1723,9.3,"WebKit, as used in Apple iOS before 9.2.1 and Safari before 9.0.3, allows remote attackers to execute arbitrary code or cause a denial of service (memory corruption) via a crafted web site, a different vulnerability than CVE-2016-1725 and CVE-2016-1726."
CVE-2016-1722,7.2,"syslog in Apple iOS before 9.2.1, OS X before 10.11.3, and tvOS before 9.1.1 allows local users to gain privileges or cause a denial of service (memory corruption) via unspecified vectors."
CVE-2016-1721,7.2,"The kernel in Apple iOS before 9.2.1, OS X before 10.11.3, and tvOS before 9.1.1 allows local users to gain privileges or cause a denial of service (memory corruption) via unspecified vectors."
CVE-2016-1720,7.2,"IOKit in Apple iOS before 9.2.1, OS X before 10.11.3, and tvOS before 9.1.1 allows local users to gain privileges or cause a denial of service (memory corruption) via unspecified vectors."
CVE-2016-1719,7.2,"The IOHIDFamily API in Apple iOS before 9.2.1, OS X before 10.11.3, and tvOS before 9.1.1 allows local users to gain privileges or cause a denial of service (memory corruption) via unspecified vectors."
CVE-2016-1717,7.2,"The Disk Images component in Apple iOS before 9.2.1, OS X before 10.11.3, and tvOS before 9.1.1 allows local users to gain privileges or cause a denial of service (memory corruption) via unspecified vectors."
CVE-2016-0802,8.3,"The Broadcom Wi-Fi driver in the kernel in Android 4.x before 4.4.4, 5.x before 5.1.1 LMY49G, and 6.x before 2016-02-01 allows remote attackers to execute arbitrary code or cause a denial of service (memory corruption) via crafted wireless control message packets, aka internal bug 25306181."
CVE-2016-0801,8.3,"The Broadcom Wi-Fi driver in the kernel in Android 4.x before 4.4.4, 5.x before 5.1.1 LMY49G, and 6.x before 2016-02-01 allows remote attackers to execute arbitrary code or cause a denial of service (memory corruption) via crafted wireless control message packets, aka internal bug 25662029."
CVE-2015-8242,5.8,The xmlSAX2TextNode function in SAX2.c in the push interface in the HTML parser in libxml2 before 2.9.3 allows context-dependent attackers to cause a denial of service (stack-based buffer over-read and application crash) or obtain sensitive information via crafted XML data.
CVE-2015-8035,2.6,"The xz_decomp function in xzlib.c in libxml2 2.9.1 does not properly detect compression errors, which allows context-dependent attackers to cause a denial of service (process hang) via crafted XML data."
CVE-2015-7995,5.0,"The xsltStylePreCompute function in preproc.c in libxslt 1.1.28 does not check if the parent node is an element, which allows attackers to cause a denial of service via a crafted XML file, related to a &quot;type confusion&quot; issue."
CVE-2015-7988,7.5,The handle_regservice_request function in mDNSResponder before 625.41.2 allows remote attackers to execute arbitrary code or cause a denial of service (NULL pointer dereference) via unspecified vectors.
CVE-2015-7942,6.8,"The xmlParseConditionalSections function in parser.c in libxml2 does not properly skip intermediary entities when it stops parsing invalid input, which allows context-dependent attackers to cause a denial of service (out-of-bounds read and crash) via crafted XML data, a different vulnerability than CVE-2015-7941."
CVE-2015-7500,5.0,The xmlParseMisc function in parser.c in libxml2 before 2.9.3 allows context-dependent attackers to cause a denial of service (out-of-bounds heap read) via unspecified vectors related to incorrect entities boundaries and start tags.
CVE-2015-7113,10.0,The LaunchServices component in Apple iOS before 9.2 and watchOS before 2.1 allows attackers to execute arbitrary code in a privileged context or cause a denial of service (memory corruption) via a malformed plist.
CVE-2015-7112,9.3,"The IOHIDFamily API in Apple iOS before 9.2, OS X before 10.11.2, tvOS before 9.1, and watchOS before 2.1 allows attackers to execute arbitrary code in a privileged context or cause a denial of service (memory corruption) via a crafted app, a different vulnerability than CVE-2015-7111."
CVE-2015-7111,9.3,"The IOHIDFamily API in Apple iOS before 9.2, OS X before 10.11.2, tvOS before 9.1, and watchOS before 2.1 allows attackers to execute arbitrary code in a privileged context or cause a denial of service (memory corruption) via a crafted app, a different vulnerability than CVE-2015-7112."
CVE-2015-7105,6.8,"CoreGraphics in Apple iOS before 9.2, OS X before 10.11.2, tvOS before 9.1, and watchOS before 2.1 allows remote attackers to execute arbitrary code or cause a denial of service (memory corruption) via a crafted font file."
CVE-2015-7084,7.2,"The kernel in Apple iOS before 9.2, OS X before 10.11.2, tvOS before 9.1, and watchOS before 2.1 allows local users to gain privileges or cause a denial of service (memory corruption) via unspecified vectors, a different vulnerability than CVE-2015-7083."
CVE-2015-7083,7.2,"The kernel in Apple iOS before 9.2, OS X before 10.11.2, tvOS before 9.1, and watchOS before 2.1 allows local users to gain privileges or cause a denial of service (memory corruption) via unspecified vectors, a different vulnerability than CVE-2015-7084."
CVE-2015-7075,6.8,"CoreMedia Playback in Apple iOS before 9.2, OS X before 10.11.2, tvOS before 9.1, and watchOS before 2.1 allows remote attackers to execute arbitrary code or cause a denial of service (memory corruption) via a malformed media file."
CVE-2015-7073,6.8,"Apple iOS before 9.2, OS X before 10.11.2, tvOS before 9.1, and watchOS before 2.1 allow remote attackers to execute arbitrary code or cause a denial of service (memory corruption and application crash) via a crafted SSL handshake."
CVE-2015-7068,9.3,"IOKit SCSI in Apple iOS before 9.2, OS X before 10.11.2, tvOS before 9.1, and watchOS before 2.1 allows attackers to execute arbitrary code in a privileged context or cause a denial of service (NULL pointer dereference) via an app that provides an unspecified userclient type."
CVE-2015-7066,6.8,"OpenGL in Apple iOS before 9.2, OS X before 10.11.2, tvOS before 9.1, and watchOS before 2.1 allows remote attackers to execute arbitrary code or cause a denial of service (memory corruption) via a crafted web site, a different vulnerability than CVE-2015-7064."
CVE-2015-7064,6.8,"OpenGL in Apple iOS before 9.2, OS X before 10.11.2, tvOS before 9.1, and watchOS before 2.1 allows remote attackers to execute arbitrary code or cause a denial of service (memory corruption) via a crafted web site, a different vulnerability than CVE-2015-7066."
CVE-2015-7061,6.8,"The ASN.1 decoder in Apple OS X before 10.11.2, tvOS before 9.1, and watchOS before 2.1 allows remote attackers to execute arbitrary code or cause a denial of service (memory corruption) via a crafted certificate, a different vulnerability than CVE-2015-7059 and CVE-2015-7060."
CVE-2015-7060,6.8,"The ASN.1 decoder in Apple OS X before 10.11.2, tvOS before 9.1, and watchOS before 2.1 allows remote attackers to execute arbitrary code or cause a denial of service (memory corruption) via a crafted certificate, a different vulnerability than CVE-2015-7059 and CVE-2015-7061."
CVE-2015-7059,6.8,"The ASN.1 decoder in Apple OS X before 10.11.2, tvOS before 9.1, and watchOS before 2.1 allows remote attackers to execute arbitrary code or cause a denial of service (memory corruption) via a crafted certificate, a different vulnerability than CVE-2015-7060 and CVE-2015-7061."
CVE-2015-7053,6.8,"ImageIO in Apple iOS before 9.2, OS X before 10.11.2, tvOS before 9.1, and watchOS before 2.1 allows remote attackers to execute arbitrary code or cause a denial of service (memory corruption) via a crafted image."
CVE-2015-7043,4.3,"The kernel in Apple iOS before 9.2, OS X before 10.11.2, tvOS before 9.1, and watchOS before 2.1 allows attackers to cause a denial of service via a crafted app, a different vulnerability than CVE-2015-7040, CVE-2015-7041, and CVE-2015-7042."
CVE-2015-7042,4.3,"The kernel in Apple iOS before 9.2, OS X before 10.11.2, tvOS before 9.1, and watchOS before 2.1 allows attackers to cause a denial of service via a crafted app, a different vulnerability than CVE-2015-7040, CVE-2015-7041, and CVE-2015-7043."
CVE-2015-7041,4.3,"The kernel in Apple iOS before 9.2, OS X before 10.11.2, tvOS before 9.1, and watchOS before 2.1 allows attackers to cause a denial of service via a crafted app, a different vulnerability than CVE-2015-7040, CVE-2015-7042, and CVE-2015-7043."
CVE-2015-7040,4.3,"The kernel in Apple iOS before 9.2, OS X before 10.11.2, tvOS before 9.1, and watchOS before 2.1 allows attackers to cause a denial of service via a crafted app, a different vulnerability than CVE-2015-7041, CVE-2015-7042, and CVE-2015-7043."
CVE-2015-6996,6.8,"IOAcceleratorFamily in Apple iOS before 9.1, OS X before 10.11.1, and watchOS before 2.0.1 allows attackers to execute arbitrary code or cause a denial of service (memory corruption) via a crafted app."
CVE-2015-6989,6.8,"Grand Central Dispatch in Apple iOS before 9.1, OS X before 10.11.1, and watchOS before 2.0.1 allows attackers to execute arbitrary code or cause a denial of service (memory corruption) via a crafted package that is mishandled during dispatch calls."
CVE-2015-6979,9.3,GasGauge in Apple iOS before 9.1 allows attackers to execute arbitrary code in a privileged context or cause a denial of service (memory corruption) via a crafted app.
CVE-2015-6978,6.8,"FontParser in Apple iOS before 9.1 and OS X before 10.11.1 allows remote attackers to execute arbitrary code or cause a denial of service (memory corruption) via a crafted font file, a different vulnerability than CVE-2015-6976, CVE-2015-6977, CVE-2015-6990, CVE-2015-6991, CVE-2015-6993, CVE-2015-7008, CVE-2015-7009, CVE-2015-7010, and CVE-2015-7018."
CVE-2015-6974,9.3,"IOHIDFamily in Apple iOS before 9.1, OS X before 10.11.1, and watchOS before 2.0.1 allows attackers to execute arbitrary code in a privileged context or cause a denial of service (memory corruption) via a crafted app."
CVE-2015-5942,6.8,"FontParser in Apple iOS before 9.1, OS X before 10.11.1, and watchOS before 2.0.1 allows remote attackers to execute arbitrary code or cause a denial of service (memory corruption) via a crafted font file, a different vulnerability than CVE-2015-5927."
CVE-2015-5939,6.8,"ImageIO in Apple iOS before 9.1, OS X before 10.11.1, and watchOS before 2.0.1 allows remote attackers to execute arbitrary code or cause a denial of service (memory corruption) via crafted metadata in an image, a different vulnerability than CVE-2015-5935, CVE-2015-5936, and CVE-2015-5937."
CVE-2015-5937,6.8,"ImageIO in Apple iOS before 9.1, OS X before 10.11.1, and watchOS before 2.0.1 allows remote attackers to execute arbitrary code or cause a denial of service (memory corruption) via crafted metadata in an image, a different vulnerability than CVE-2015-5935, CVE-2015-5936, and CVE-2015-5939."
CVE-2015-5936,6.8,"ImageIO in Apple iOS before 9.1, OS X before 10.11.1, and watchOS before 2.0.1 allows remote attackers to execute arbitrary code or cause a denial of service (memory corruption) via crafted metadata in an image, a different vulnerability than CVE-2015-5935, CVE-2015-5937, and CVE-2015-5939."
CVE-2015-5935,6.8,"ImageIO in Apple iOS before 9.1, OS X before 10.11.1, and watchOS before 2.0.1 allows remote attackers to execute arbitrary code or cause a denial of service (memory corruption) via crafted metadata in an image, a different vulnerability than CVE-2015-5936, CVE-2015-5937, and CVE-2015-5939."
CVE-2015-5927,6.8,"FontParser in Apple iOS before 9.1, OS X before 10.11.1, and watchOS before 2.0.1 allows remote attackers to execute arbitrary code or cause a denial of service (memory corruption) via a crafted font file, a different vulnerability than CVE-2015-5942."
CVE-2015-5926,6.8,"The CoreGraphics component in Apple iOS before 9.1, OS X before 10.11.1, and watchOS before 2.0.1 allows remote attackers to execute arbitrary code or cause a denial of service (memory corruption) via a crafted web site, a different vulnerability than CVE-2015-5925."
CVE-2015-5925,6.8,"The CoreGraphics component in Apple iOS before 9.1, OS X before 10.11.1, and watchOS before 2.0.1 allows remote attackers to execute arbitrary code or cause a denial of service (memory corruption) via a crafted web site, a different vulnerability than CVE-2015-5926."
CVE-2015-5903,10.0,"The kernel in Apple iOS before 9 allows local users to gain privileges or cause a denial of service (memory corruption) via unspecified vectors, a different vulnerability than CVE-2015-5868 and CVE-2015-5896."
CVE-2015-5899,7.2,libpthread in the kernel in Apple iOS before 9 allows local users to gain privileges or cause a denial of service (memory corruption) via unspecified vectors.
CVE-2015-5896,7.2,"The kernel in Apple iOS before 9 allows local users to gain privileges or cause a denial of service (memory corruption) via unspecified vectors, a different vulnerability than CVE-2015-5868 and CVE-2015-5903."
CVE-2015-5876,9.3,dyld in Dev Tools in Apple iOS before 9 allows attackers to execute arbitrary code in a privileged context or cause a denial of service (memory corruption) via a crafted app.
CVE-2015-5874,7.5,CoreText in Apple iOS before 9 and iTunes before 12.3 allows remote attackers to execute arbitrary code or cause a denial of service (memory corruption) via a crafted font file.
CVE-2015-5868,7.2,"The kernel in Apple iOS before 9 allows local users to gain privileges or cause a denial of service (memory corruption) via unspecified vectors, a different vulnerability than CVE-2015-5896 and CVE-2015-5903."
CVE-2015-5867,9.3,IOHIDFamily in Apple iOS before 9 allows attackers to execute arbitrary code in a privileged context or cause a denial of service (memory corruption) via a crafted app.
CVE-2015-5862,4.3,The Audio component in Apple iOS before 9 allows remote attackers to cause a denial of service (memory corruption and application crash) via a crafted audio file.
CVE-2015-5848,7.2,IOAcceleratorFamily in Apple iOS before 9 allows local users to gain privileges or cause a denial of service (memory corruption) via unspecified vectors.
CVE-2015-5847,7.2,The Disk Images component in Apple iOS before 9 allows local users to gain privileges or cause a denial of service (memory corruption) via unspecified vectors.
CVE-2015-5846,9.3,"IOKit in the kernel in Apple iOS before 9 allows attackers to execute arbitrary code in a privileged context or cause a denial of service (memory corruption) via a crafted app, a different vulnerability than CVE-2015-5844 and CVE-2015-5845."
CVE-2015-5845,9.3,"IOKit in the kernel in Apple iOS before 9 allows attackers to execute arbitrary code in a privileged context or cause a denial of service (memory corruption) via a crafted app, a different vulnerability than CVE-2015-5844 and CVE-2015-5846."
CVE-2015-5844,9.3,"IOKit in the kernel in Apple iOS before 9 allows attackers to execute arbitrary code in a privileged context or cause a denial of service (memory corruption) via a crafted app, a different vulnerability than CVE-2015-5845 and CVE-2015-5846."
CVE-2015-5843,7.2,IOMobileFrameBuffer in Apple iOS before 9 allows local users to gain privileges or cause a denial of service (memory corruption) via unspecified vectors.
CVE-2015-5840,5.0,The checkint division routines in removefile in Apple iOS before 9 allow attackers to cause a denial of service (overflow fault and app crash) via crafted data.
CVE-2015-5829,6.8,Data Detectors Engine in Apple iOS before 9 allows remote attackers to execute arbitrary code or cause a denial of service (memory corruption) via a crafted text file.
CVE-2015-5523,4.3,"The ParseValue function in lexer.c in tidy before 4.9.31 allows remote attackers to cause a denial of service (crash) via vectors involving multiple whitespace characters before an empty href, which triggers a large memory allocation."
CVE-2015-5522,6.8,Heap-based buffer overflow in the ParseValue function in lexer.c in tidy before 4.9.31 allows remote attackers to cause a denial of service (crash) via vectors involving a command character in an href.
CVE-2015-5312,7.1,"The xmlStringLenDecodeEntities function in parser.c in libxml2 before 2.9.3 does not properly prevent entity expansion, which allows context-dependent attackers to cause a denial of service (CPU consumption) via crafted XML data, a different vulnerability than CVE-2014-3660."
CVE-2015-3416,7.5,"The sqlite3VXPrintf function in printf.c in SQLite before 3.8.9 does not properly handle precision and width values during floating-point conversions, which allows context-dependent attackers to cause a denial of service (integer overflow and stack-based buffer overflow) or possibly have unspecified other impact via large integers in a crafted printf function call in a SELECT statement."
CVE-2015-3415,7.5,"The sqlite3VdbeExec function in vdbe.c in SQLite before 3.8.9 does not properly implement comparison operators, which allows context-dependent attackers to cause a denial of service (invalid free operation) or possibly have unspecified other impact via a crafted CHECK clause, as demonstrated by CHECK(0&amp;O&gt;O) in a CREATE TABLE statement."
CVE-2015-3414,7.5,"SQLite before 3.8.9 does not properly implement the dequoting of collation-sequence names, which allows context-dependent attackers to cause a denial of service (uninitialized memory access and application crash) or possibly have unspecified other impact via a crafted COLLATE clause, as demonstrated by COLLATE&quot;&quot;&quot;&quot;&quot;&quot;&quot;&quot; at the end of a SELECT statement."
CVE-2015-1819,5.0,"The xmlreader in libxml allows remote attackers to cause a denial of service (memory consumption) via crafted XML data, related to an XML Entity Expansion (XEE) attack."
CVE-2014-8147,7.5,"The resolveImplicitLevels function in common/ubidi.c in the Unicode Bidirectional Algorithm implementation in ICU4C in International Components for Unicode (ICU) before 55.1 uses an integer data type that is inconsistent with a header file, which allows remote attackers to cause a denial of service (incorrect malloc followed by invalid free) or possibly execute arbitrary code via crafted text."
CVE-2014-8146,7.5,"The resolveImplicitLevels function in common/ubidi.c in the Unicode Bidirectional Algorithm implementation in ICU4C in International Components for Unicode (ICU) before 55.1 does not properly track directionally isolated pieces of text, which allows remote attackers to cause a denial of service (heap-based buffer overflow) or possibly execute arbitrary code via crafted text."
